sentence1	sentence2	gold_label
말을 탄 사람이 고장난 비행기 위로 뛰어오른다.	한 사람이 경쟁을 위해 말을 훈련시키고 있다.	neutral
말을 탄 사람이 고장난 비행기 위로 뛰어오른다.	한 사람이 식당에서 오믈렛을 주문하고 있다.	contradiction
말을 탄 사람이 고장난 비행기 위로 뛰어오른다.	사람은 야외에서 말을 타고 있다.	entailment
카메라에 웃고 손을 흔드는 아이들	그들은 부모님을 보고 웃고 있다	neutral
카메라에 웃고 손을 흔드는 아이들	아이들이 있다	entailment
카메라에 웃고 손을 흔드는 아이들	아이들이 얼굴을 찌푸리고 있다	contradiction
한 소년이 빨간 다리 한가운데 스케이트보드에 뛰어오르고 있다.	소년은 인도를 따라 스케이트를 탄다.	contradiction
한 소년이 빨간 다리 한가운데 스케이트보드에 뛰어오르고 있다.	그 소년은 스케이트보드를 타는 묘기를 부린다.	entailment
한 소년이 빨간 다리 한가운데 스케이트보드에 뛰어오르고 있다.	소년이 안전 장비를 착용하고 있다.	neutral
나이 든 남자가 커피숍의 작은 테이블에 오렌지 주스를 들고 앉아 있고 밝은 색 셔츠를 입은 직원들은 뒤에서 미소를 짓고 있다.	나이 든 남자가 딸이 퇴근하기를 기다리면서 주스를 마신다.	neutral
나이 든 남자가 커피숍의 작은 테이블에 오렌지 주스를 들고 앉아 있고 밝은 색 셔츠를 입은 직원들은 뒤에서 미소를 짓고 있다.	한 소년이 햄버거를 뒤집는다.	contradiction
나이 든 남자가 커피숍의 작은 테이블에 오렌지 주스를 들고 앉아 있고 밝은 색 셔츠를 입은 직원들은 뒤에서 미소를 짓고 있다.	한 노인이 작은 가게에 앉아 있다.	entailment
금발 여자 둘이 서로 껴안고 있다.	몇몇 여성들은 휴가 때 포옹을 하고 있다.	neutral
금발 여자 둘이 서로 껴안고 있다.	여자들이 자고 있다.	contradiction
금발 여자 둘이 서로 껴안고 있다.	애정을 보이는 여자들이 있다.	entailment
식당에 있는 몇몇 사람들, 그들 중 한 명은 오렌지 주스를 마시고 있다.	사람들이 오믈렛을 먹고 있다.	neutral
식당에 있는 몇몇 사람들, 그들 중 한 명은 오렌지 주스를 마시고 있다.	사람들이 학교 책상에 앉아 있다.	contradiction
식당에 있는 몇몇 사람들, 그들 중 한 명은 오렌지 주스를 마시고 있다.	손님들이 식당에 있다.	entailment
한 나이든 남자가 식당에서 오렌지 주스를 마시고 있다.	남자가 주스를 마시고 있다.	entailment
한 나이든 남자가 식당에서 오렌지 주스를 마시고 있다.	두 여자가 식당에서 와인을 마시고 있다.	contradiction
한 나이든 남자가 식당에서 오렌지 주스를 마시고 있다.	식당에서 한 남자가 식사가 도착하기를 기다리고 있다.	neutral
금발의 남자, 그리고 공공 분수대에서 술을 마시는 갈색 셔츠.	공원의 분수대에서 물을 마시는 금발의 남자.	neutral
금발의 남자, 그리고 공공 분수대에서 술을 마시는 갈색 셔츠.	갈색 셔츠를 입은 금발 남자가 공원의 벤치에서 책을 읽고 있다.	contradiction
금발의 남자, 그리고 공공 분수대에서 술을 마시는 갈색 셔츠.	분수대에서 물을 마시는 금발 남자.	entailment
방금 점심을 먹고 작별인사를 한 두 여자.	친구들은 저녁 식탁을 가득 채우고 서로를 노려본다.	contradiction
방금 점심을 먹고 작별인사를 한 두 여자.	이 사진에는 두 여자가 있습니다.	entailment
방금 점심을 먹고 작별인사를 한 두 여자.	친구들은 20년 만에 처음 만났고, 따라잡는 데 즐거운 시간을 보냈다.	neutral
두 여자가 음식 운반 용기를 들고 포옹을 했다.	두 자매는 붐비는 식당을 가로질러 서로를 보고 포옹을 나누며 둘 다 개 가방을 움켜잡았다.	neutral
두 여자가 음식 운반 용기를 들고 포옹을 했다.	두 그룹의 라이벌 갱단원들이 서로를 배신했다.	contradiction
두 여자가 음식 운반 용기를 들고 포옹을 했다.	두 여자가 서로 껴안는다.	entailment
리틀리그 팀이 오후 경기에서 베이스로 미끄러지는 주자를 잡으려고 한다.	한 팀이 승리를 거두기 위해 득점을 시도하고 있다.	neutral
리틀리그 팀이 오후 경기에서 베이스로 미끄러지는 주자를 잡으려고 한다.	한 팀이 주자를 따돌리려 하고 있다.	entailment
리틀리그 팀이 오후 경기에서 베이스로 미끄러지는 주자를 잡으려고 한다.	한 팀이 토성에서 야구를 하고 있다.	contradiction
이 학교는 다른 문화들이 파티에서 어떻게 다루어지는지에 대한 미국 문화를 보여주기 위해 특별한 행사를 열고 있다.	한 학교가 농구 경기를 주최한다.	contradiction
이 학교는 다른 문화들이 파티에서 어떻게 다루어지는지에 대한 미국 문화를 보여주기 위해 특별한 행사를 열고 있다.	한 고등학교가 행사를 주최하고 있다.	neutral
이 학교는 다른 문화들이 파티에서 어떻게 다루어지는지에 대한 미국 문화를 보여주기 위해 특별한 행사를 열고 있다.	한 학교가 행사를 주최하고 있다.	entailment
고급 패션 아가씨들이 도시의 사람들 옆에서 전차 밖에서 기다리고 있다.	여자들은 어떤 옷을 입든 상관하지 않는다.	contradiction
고급 패션 아가씨들이 도시의 사람들 옆에서 전차 밖에서 기다리고 있다.	여자들이 전차 옆에서 기다리고 있다.	entailment
고급 패션 아가씨들이 도시의 사람들 옆에서 전차 밖에서 기다리고 있다.	여성들은 좋은 패션 감각을 갖는 것을 즐긴다.	neutral
해변에서 즐기는 남자, 여자, 아이.	여름방학 때 해변에서 엄마 아빠와 함께 있는 아이.	neutral
해변에서 즐기는 남자, 여자, 아이.	세 가족이 해변에 있다.	entailment
해변에서 즐기는 남자, 여자, 아이.	3명의 가족이 쇼핑몰 쇼핑에 있다.	contradiction
기차를 타려고 기다리거나 그냥 내리는 사람들.	기차에서 기다리고 있는 사람들이 앉아 있다.	neutral
기차를 타려고 기다리거나 그냥 내리는 사람들.	사람들이 기차를 타고 있다	contradiction
기차를 타려고 기다리거나 그냥 내리는 사람들.	기차에서 기다리는 사람들이 있다.	entailment
해변에서 어린 소년과 놀고 있는 커플.	한 커플이 밖에서 어린 아이와 놀고 있다.	entailment
해변에서 어린 소년과 놀고 있는 커플.	한 커플이 해변에서 어린 아이와 프리스비를 하고 있다.	neutral
해변에서 어린 소년과 놀고 있는 커플.	한 커플이 해변에서 혼자 노는 어린 소녀를 본다.	contradiction
한 커플이 어린 아들과 함께 조수에서 논다.	가족들이 저녁 식사를 위해 자리에 앉아 있다.	contradiction
한 커플이 어린 아들과 함께 조수에서 논다.	가족이 밖에 있다.	entailment
한 커플이 어린 아들과 함께 조수에서 논다.	그 가족은 휴가 중이다.	neutral
한 남자와 한 여자가 피자와 자이로 레스토랑 앞에서 길을 건넌다.	사람들이 길가에 가만히 서 있다.	contradiction
한 남자와 한 여자가 피자와 자이로 레스토랑 앞에서 길을 건넌다.	식당 두어 곳 근처에서 두 사람이 길을 건넌다.	entailment
한 남자와 한 여자가 피자와 자이로 레스토랑 앞에서 길을 건넌다.	그 커플은 함께 길을 건너고 있다.	neutral
초록색 재킷을 입고 두건을 쓴 여자가 골짜기를 바라보고 있다.	여자는 제정신이 아니다.	contradiction
초록색 재킷을 입고 두건을 쓴 여자가 골짜기를 바라보고 있다.	여자는 차갑다.	neutral
초록색 재킷을 입고 두건을 쓴 여자가 골짜기를 바라보고 있다.	여자가 녹색 옷을 입고 있다.	entailment
전경에 흰 옷을 입은 여자와 존의 피자와 자이로를 배경으로 간판을 들고 약간 뒤에 있는 남자.	간판을 가진 남자는 백인이다.	neutral
전경에 흰 옷을 입은 여자와 존의 피자와 자이로를 배경으로 간판을 들고 약간 뒤에 있는 남자.	그들은 수도 밖에서 항의하고 있다.	contradiction
전경에 흰 옷을 입은 여자와 존의 피자와 자이로를 배경으로 간판을 들고 약간 뒤에 있는 남자.	흰 옷을 입은 여자.	entailment
전경에 흰 옷을 입은 여자와 존의 피자와 자이로를 배경으로 간판을 들고 약간 뒤에 있는 남자.	남자가 식당 광고를 하고 있다.	entailment
전경에 흰 옷을 입은 여자와 존의 피자와 자이로를 배경으로 간판을 들고 약간 뒤에 있는 남자.	여자가 검은 옷을 입고 있다.	contradiction
전경에 흰 옷을 입은 여자와 존의 피자와 자이로를 배경으로 간판을 들고 약간 뒤에 있는 남자.	한 남자와 한 여자가 붐비는 도시 거리를 걷고 있다.	neutral
전경에 흰 옷을 입은 여자와 존의 피자와 자이로를 배경으로 간판을 들고 약간 뒤에 있는 남자.	여자가 흰 옷을 입고 있다.	entailment
전경에 흰 옷을 입은 여자와 존의 피자와 자이로를 배경으로 간판을 들고 약간 뒤에 있는 남자.	그들은 John's Pizza에서 일하고 있다.	neutral
전경에 흰 옷을 입은 여자와 존의 피자와 자이로를 배경으로 간판을 들고 약간 뒤에 있는 남자.	올림픽 수영.	contradiction
전경에 흰 옷을 입은 여자와 존의 피자와 자이로를 배경으로 간판을 들고 약간 뒤에 있는 남자.	한 남자와 소만이 존의 피자와 자이로에서 함께 식사를 하고 있다.	contradiction
전경에 흰 옷을 입은 여자와 존의 피자와 자이로를 배경으로 간판을 들고 약간 뒤에 있는 남자.	그들은 간판을 들고 걷고 있다.	entailment
전경에 흰 옷을 입은 여자와 존의 피자와 자이로를 배경으로 간판을 들고 약간 뒤에 있는 남자.	여자가 친구를 기다리고 있다.	neutral
전경에 흰 옷을 입은 여자와 존의 피자와 자이로를 배경으로 간판을 들고 약간 뒤에 있는 남자.	그 남자는 존의 피자와 자이로를 품에 안고 있는 동안 앉아 있다.	contradiction
전경에 흰 옷을 입은 여자와 존의 피자와 자이로를 배경으로 간판을 들고 약간 뒤에 있는 남자.	여자와 남자는 야외에 있다.	entailment
전경에 흰 옷을 입은 여자와 존의 피자와 자이로를 배경으로 간판을 들고 약간 뒤에 있는 남자.	피자를 주문하는 여자.	neutral
어른 두 명, 흰 옷을 입은 여자 한 명, 그늘진 남자 한 명, 회색 옷을 입은 남자 한 명이 전경에 짙은 색의 붉은 셔츠를 입은 사람의 흐릿한 이미지가 있는 식당에서 길을 건너고 있다.	사람들은 친척이다.	neutral
어른 두 명, 흰 옷을 입은 여자 한 명, 그늘진 남자 한 명, 회색 옷을 입은 남자 한 명이 전경에 짙은 색의 붉은 셔츠를 입은 사람의 흐릿한 이미지가 있는 식당에서 길을 건너고 있다.	두 명의 성인이 그들을 쫓는 빨간 셔츠를 입은 사람으로부터 벗어나기 위해 길을 가로질러 달려간다.	contradiction
어른 두 명, 흰 옷을 입은 여자 한 명, 그늘진 남자 한 명, 회색 옷을 입은 남자 한 명이 전경에 짙은 색의 붉은 셔츠를 입은 사람의 흐릿한 이미지가 있는 식당에서 길을 건너고 있다.	어른들은 남성과 여성이다.	entailment
어른 두 명, 흰 옷을 입은 여자 한 명, 그늘진 남자 한 명, 회색 옷을 입은 남자 한 명이 전경에 짙은 색의 붉은 셔츠를 입은 사람의 흐릿한 이미지가 있는 식당에서 길을 건너고 있다.	맛있는 스테이크를 먹고 두 사람이 집으로 걸어간다.	neutral
어른 두 명, 흰 옷을 입은 여자 한 명, 그늘진 남자 한 명, 회색 옷을 입은 남자 한 명이 전경에 짙은 색의 붉은 셔츠를 입은 사람의 흐릿한 이미지가 있는 식당에서 길을 건너고 있다.	물에서 수영하는 두 명의 성인	contradiction
어른 두 명, 흰 옷을 입은 여자 한 명, 그늘진 남자 한 명, 회색 옷을 입은 남자 한 명이 전경에 짙은 색의 붉은 셔츠를 입은 사람의 흐릿한 이미지가 있는 식당에서 길을 건너고 있다.	어른 두 명이 길을 건넌다.	entailment
어른 두 명, 흰 옷을 입은 여자 한 명, 그늘진 남자 한 명, 회색 옷을 입은 남자 한 명이 전경에 짙은 색의 붉은 셔츠를 입은 사람의 흐릿한 이미지가 있는 식당에서 길을 건너고 있다.	두 사람이 자전거를 타고 터널로 들어간다.	contradiction
어른 두 명, 흰 옷을 입은 여자 한 명, 그늘진 남자 한 명, 회색 옷을 입은 남자 한 명이 전경에 짙은 색의 붉은 셔츠를 입은 사람의 흐릿한 이미지가 있는 식당에서 길을 건너고 있다.	두 사람이 길 건너 식당에서 걸어 나간다.	entailment
어른 두 명, 흰 옷을 입은 여자 한 명, 그늘진 남자 한 명, 회색 옷을 입은 남자 한 명이 전경에 짙은 색의 붉은 셔츠를 입은 사람의 흐릿한 이미지가 있는 식당에서 길을 건너고 있다.	빨간 옷을 입은 유죄판결을 받은 죄수 근처 도로를 걸어가는 두 명의 성인	neutral
어른 두 명, 흰 옷을 입은 여자 한 명, 그늘진 남자 한 명, 회색 옷을 입은 남자 한 명이 전경에 짙은 색의 붉은 셔츠를 입은 사람의 흐릿한 이미지가 있는 식당에서 길을 건너고 있다.	두 친구가 길을 건넌다.	neutral
어른 두 명, 흰 옷을 입은 여자 한 명, 그늘진 남자 한 명, 회색 옷을 입은 남자 한 명이 전경에 짙은 색의 붉은 셔츠를 입은 사람의 흐릿한 이미지가 있는 식당에서 길을 건너고 있다.	어떤 사람들은 기차에 탄다.	contradiction
어른 두 명, 흰 옷을 입은 여자 한 명, 그늘진 남자 한 명, 회색 옷을 입은 남자 한 명이 전경에 짙은 색의 붉은 셔츠를 입은 사람의 흐릿한 이미지가 있는 식당에서 길을 건너고 있다.	두 명의 성인이 길을 건넌다.	entailment
어른 두 명, 흰 옷을 입은 여자 한 명, 그늘진 남자 한 명, 회색 옷을 입은 남자 한 명이 전경에 짙은 색의 붉은 셔츠를 입은 사람의 흐릿한 이미지가 있는 식당에서 길을 건너고 있다.	길을 건너는 두 명의 성인	entailment
어른 두 명, 흰 옷을 입은 여자 한 명, 그늘진 남자 한 명, 회색 옷을 입은 남자 한 명이 전경에 짙은 색의 붉은 셔츠를 입은 사람의 흐릿한 이미지가 있는 식당에서 길을 건너고 있다.	사진 속에는 여자가 없다.	contradiction
어른 두 명, 흰 옷을 입은 여자 한 명, 그늘진 남자 한 명, 회색 옷을 입은 남자 한 명이 전경에 짙은 색의 붉은 셔츠를 입은 사람의 흐릿한 이미지가 있는 식당에서 길을 건너고 있다.	두 명의 성인이 그들을 쫓고 있는 빨간 셔츠를 입은 사람으로부터 벗어나기 위해 길을 건넌다.	neutral
흰 옷을 입고 식사를 하는 여자가 서류가방을 들고 있는 남자 옆을 걷는다.	결혼한 부부가 자고 있다.	contradiction
흰 옷을 입고 식사를 하는 여자가 서류가방을 들고 있는 남자 옆을 걷는다.	여자가 남자 옆에 있다.	entailment
흰 옷을 입고 식사를 하는 여자가 서류가방을 들고 있는 남자 옆을 걷는다.	한 결혼한 커플이 옆에서 걷고 있다.	neutral
남자가 서류가방을 들고 따라가는 동안 한 여자가 바나나를 먹으며 길을 건너고 있다.	아무도 음식을 가지고 있지 않다.	contradiction
남자가 서류가방을 들고 따라가는 동안 한 여자가 바나나를 먹으며 길을 건너고 있다.	여자가 바나나를 먹고 길을 건너는데, 그 뒤에 한 남자가 따라오고 있다.	entailment
남자가 서류가방을 들고 따라가는 동안 한 여자가 바나나를 먹으며 길을 건너고 있다.	여자와 남자가 함께 야구를 하고 있다.	contradiction
남자가 서류가방을 들고 따라가는 동안 한 여자가 바나나를 먹으며 길을 건너고 있다.	두 동료가 길에서 길을 건너다	neutral
남자가 서류가방을 들고 따라가는 동안 한 여자가 바나나를 먹으며 길을 건너고 있다.	한 여자가 인도를 걸어가며 아이스크림을 먹고, 지갑을 들고 앞에 또 다른 여자가 있다.	contradiction
남자가 서류가방을 들고 따라가는 동안 한 여자가 바나나를 먹으며 길을 건너고 있다.	남자 서류가방은 일용이다.	neutral
남자가 서류가방을 들고 따라가는 동안 한 여자가 바나나를 먹으며 길을 건너고 있다.	먹는 사람.	entailment
남자가 서류가방을 들고 따라가는 동안 한 여자가 바나나를 먹으며 길을 건너고 있다.	배고픈 사람.	neutral
남자가 서류가방을 들고 따라가는 동안 한 여자가 바나나를 먹으며 길을 건너고 있다.	한 여배우와 그녀가 가장 좋아하는 조수가 도시에서 산책을 한다.	neutral
남자가 서류가방을 들고 따라가는 동안 한 여자가 바나나를 먹으며 길을 건너고 있다.	바나나를 먹는 여자가 길을 건넌다	entailment
남자가 서류가방을 들고 따라가는 동안 한 여자가 바나나를 먹으며 길을 건너고 있다.	그 여자는 유혹자이다	neutral
남자가 서류가방을 들고 따라가는 동안 한 여자가 바나나를 먹으며 길을 건너고 있다.	여자가 점심을 먹기 위해 앉아 있다	contradiction
남자가 서류가방을 들고 따라가는 동안 한 여자가 바나나를 먹으며 길을 건너고 있다.	여자가 카페에서 커피를 마시고 있다	contradiction
남자가 서류가방을 들고 따라가는 동안 한 여자가 바나나를 먹으며 길을 건너고 있다.	여자가 바나나를 먹고 있다.	entailment
남자가 서류가방을 들고 따라가는 동안 한 여자가 바나나를 먹으며 길을 건너고 있다.	여자가 밖에 있다	entailment
스키 선수가 금속 난간을 따라 미끄러진다.	스키 선수가 아래를 내려다보고 있는 레일 근처에 있다.	neutral
스키 선수가 금속 난간을 따라 미끄러진다.	스키 선수가 레일 근처에 있다.	entailment
스키 선수가 금속 난간을 따라 미끄러진다.	스키 선수가 난간에서 떨어져 있다.	contradiction
밤에 난간에서 스키를 탄 사람.	여자는 차를 먹는다	contradiction
밤에 난간에서 스키를 탄 사람.	그 사람은 스키를 탄다	entailment
밤에 난간에서 스키를 탄 사람.	그들은 환상적인 스키 선수입니다	neutral
금속 막대로 만든 경사로 가장자리에 있는 전기 녹색의 스키어.	스키 선수는 경사로 가장자리에 있었다.	neutral
금속 막대로 만든 경사로 가장자리에 있는 전기 녹색의 스키어.	밝은 옷을 입은 스키 선수가 경주 코스를 미끄러져 내려갔다.	entailment
금속 막대로 만든 경사로 가장자리에 있는 전기 녹색의 스키어.	조깅하는 사람이 거리를 뛰어다녔다.	contradiction
노란색 유니폼을 입은 스키 선수가 난간을 가로질러 묘기를 부리고 있다.	스노우보더가 스키 리프트를 타고 있다.	contradiction
노란색 유니폼을 입은 스키 선수가 난간을 가로질러 묘기를 부리고 있다.	스키 선수가 시합에 참가하고 있다.	neutral
노란색 유니폼을 입은 스키 선수가 난간을 가로질러 묘기를 부리고 있다.	누군가가 겨울 스포츠에 참여하고 있다.	entailment
금발의 남자가 공공 분수대에서 술을 마시고 있다.	남자가 물을 마시고 있다.	entailment
금발의 남자가 공공 분수대에서 술을 마시고 있다.	그 남자는 매우 목이 마르다.	neutral
금발의 남자가 공공 분수대에서 술을 마시고 있다.	남자가 커피를 마시고 있다.	contradiction
젖은 갈색 개가 카메라를 향해 헤엄친다.	개가 침대에서 자고 있다.	contradiction
젖은 갈색 개가 카메라를 향해 헤엄친다.	개가 연못에서 사냥을 하고 있다.	neutral
젖은 갈색 개가 카메라를 향해 헤엄친다.	개가 물속에 있다.	entailment
수영하는 개의 클로즈업 이미지.	고양이는 마지못해 목욕을 한다.	contradiction
수영하는 개의 클로즈업 이미지.	수중 카메라는 강아지의 사진을 찍습니다.	neutral
수영하는 개의 클로즈업 이미지.	개 한 마리가 물속에서 헤엄친다.	entailment
털북숭이 갈색 개가 바다에서 헤엄치고 있다.	개가 물고기를 쫓고 있다.	neutral
털북숭이 갈색 개가 바다에서 헤엄치고 있다.	개가 수영을 하고 있다.	entailment
털북숭이 갈색 개가 바다에서 헤엄치고 있다.	개가 마당을 뛰어다닌다.	contradiction
커다란 갈색 개가 카메라를 향해 헤엄친다.	개가 막대기를 쫓고 있다.	contradiction
커다란 갈색 개가 카메라를 향해 헤엄친다.	사진사가 개 사진을 찍고 있다.	neutral
커다란 갈색 개가 카메라를 향해 헤엄친다.	개가 카메라를 향해 헤엄친다.	entailment
회색 모자를 쓴 검은 옷을 입은 남자가 쇠스랑을 들고 말이 끄는 수레를 지휘한다.	회색 모자를 쓴 농부가 말이 끄는 수레를 몰고 있다.	neutral
회색 모자를 쓴 검은 옷을 입은 남자가 쇠스랑을 들고 말이 끄는 수레를 지휘한다.	회색 모자와 쇠스랑을 든 남자가 카트를 지휘하고 있다.	entailment
회색 모자를 쓴 검은 옷을 입은 남자가 쇠스랑을 들고 말이 끄는 수레를 지휘한다.	파란 드레스를 입은 여자가 말을 수레에 싣고 있다.	contradiction
한 남자가 클라이드데일을 이끌고 건초길을 오르고 있다.	한 남자가 말을 데리고 시골길을 걷고 있다.	entailment
한 남자가 클라이드데일을 이끌고 건초길을 오르고 있다.	회색 비즈니스 정장을 입은 여자가 차를 마시고 있다.	contradiction
한 남자가 클라이드데일을 이끌고 건초길을 오르고 있다.	밀짚모자와 상의를 입은 남자가 말을 타고 시골길을 걷고 있다.	neutral
말과 마차로 거름으로 정원을 비옥하게 하는 농부.	남자가 정원에 비료를 뿌리고 있다.	entailment
말과 마차로 거름으로 정원을 비옥하게 하는 농부.	그 남자는 말과 마차를 가지고 도시 거리에 있다.	contradiction
말과 마차로 거름으로 정원을 비옥하게 하는 농부.	그 남자는 말과 마차가 있는 탁 트인 들판에 있다.	neutral
남자가 서서 지켜보는 동안 백마가 수레를 끌고 있다.	말이 물건을 운반하고 있다.	neutral
남자가 서서 지켜보는 동안 백마가 수레를 끌고 있다.	한 동물이 밖으로 걷고 있다.	entailment
남자가 서서 지켜보는 동안 백마가 수레를 끌고 있다.	남자가 경마를 보고 있다.	contradiction
소수의 교회 신도들이 합창 연습을 지켜보고 있다.	한 무리가 연습을 본다.	entailment
소수의 교회 신도들이 합창 연습을 지켜보고 있다.	합창단이 꽉 찬 사람들 앞에서 공연을 한다.	contradiction
소수의 교회 신도들이 합창 연습을 지켜보고 있다.	목사와 장로들은 합창단이 좋은지 확인하기 위해 성가대를 지켜본다.	neutral
개가 해변에 빨간 원반을 떨어뜨린다.	개가 해변에서 공을 잡다	contradiction
개가 해변에 빨간 원반을 떨어뜨린다.	개가 소년과 함께 디스크를 떨어뜨린다	neutral
개가 해변에 빨간 원반을 떨어뜨린다.	개가 빨간 원반을 떨어뜨리다	entailment
한 남자와 한 여자가 언덕 꼭대기의 거리를 걷고 있다.	결혼한 부부가 언덕 꼭대기를 걷는다.	neutral
한 남자와 한 여자가 언덕 꼭대기의 거리를 걷고 있다.	한 남자와 여자가 거리를 걷는다.	entailment
한 남자와 한 여자가 언덕 꼭대기의 거리를 걷고 있다.	두 남자가 언덕에서 캐치볼을 한다.	contradiction
한 노인이 카페에서 오렌지 주스를 마시고 있다.	한 노인이 술집에서 사과 주스를 마시고 있다.	contradiction
한 노인이 카페에서 오렌지 주스를 마시고 있다.	한 나이든 신사가 새 카페에서 오렌지 주스를 즐기고 있다.	neutral
한 노인이 카페에서 오렌지 주스를 마시고 있다.	한 노인이 카페에서 음료를 즐기고 있다.	entailment
손을 잡은 커플이 거리를 걷는다.	두 남자가 길을 걷다가 손을 잡는다.	neutral
손을 잡은 커플이 거리를 걷는다.	길가에 사람들이 앉아 있다.	contradiction
손을 잡은 커플이 거리를 걷는다.	사람들이 손을 잡고 걷고 있다.	entailment
한 커플이 하얀 벽돌 마을을 지나간다.	사람들이 야외에서 걷고 있다.	entailment
한 커플이 하얀 벽돌 마을을 지나간다.	한 남자와 여자가 갈색 벽돌 도시를 걷고 있다.	contradiction
한 커플이 하얀 벽돌 마을을 지나간다.	한 남녀가 대도시를 걷는다.	neutral
학교에서 집으로 가는 아이들.	아이들은 도서관에 있다.	contradiction
학교에서 집으로 가는 아이들.	학교 아이들은 집으로 향한다.	entailment
학교에서 집으로 가는 아이들.	아이들이 오후에 걷고 있다.	neutral
가톨릭 교회에서 합창단을 듣는 사람들.	사람들이 금속 밴드를 듣고 있다.	contradiction
가톨릭 교회에서 합창단을 듣는 사람들.	합창단이 미사로 노래한다.	entailment
가톨릭 교회에서 합창단을 듣는 사람들.	사람들은 첫 성찬식을 위해 집단으로 모여 있다	neutral
교차로에서 기다리고 있는 자전거 타는 사람들.	자전거 타는 사람이 쇼핑몰에서 점심을 먹고 앉아 있다.	contradiction
교차로에서 기다리고 있는 자전거 타는 사람들.	자전거 타는 사람들은 밖에 있다.	entailment
교차로에서 기다리고 있는 자전거 타는 사람들.	차가 지나가기를 기다리는 자전거 타는 사람들.	neutral
교차로에서 기다리고 있는 자전거 타는 사람들.	불이 녹색인 동안 자전거를 탄 사람이 기다리고 있다.	neutral
교차로에서 기다리고 있는 자전거 타는 사람들.	자전거가 도로 위에 있다.	entailment
교차로에서 기다리고 있는 자전거 타는 사람들.	자전거를 탄 사람이 거리 근처에 있다.	entailment
교차로에서 기다리고 있는 자전거 타는 사람들.	자전거 타는 사람들은 멈춰서 교차로에서 교통을 기다린다.	entailment
교차로에서 기다리고 있는 자전거 타는 사람들.	자전거 타는 사람들은 자전거를 타고 쇼핑몰을 지나간다.	contradiction
교차로에서 기다리고 있는 자전거 타는 사람들.	자전거 타는 사람들이 건너갈 차례를 기다리고 있다.	entailment
교차로에서 기다리고 있는 자전거 타는 사람들.	자전거 타는 사람들이 고속도로를 따라 달리고 있다.	contradiction
교차로에서 기다리고 있는 자전거 타는 사람들.	자전거 타는 사람들은 죽었다.	contradiction
교차로에서 기다리고 있는 자전거 타는 사람들.	자전거 타는 사람들이 서점에 가고 있다.	neutral
교차로에서 기다리고 있는 자전거 타는 사람들.	자전거 타는 사람들이 경주를 하고 있다.	neutral
교차로에서 기다리고 있는 자전거 타는 사람들.	자전거 타는 사람들은 집에 있다.	contradiction
교차로에서 기다리고 있는 자전거 타는 사람들.	한 무리의 자전거 타는 사람들이 교차로의 보도 위에 남아 있다.	neutral
자전거의 불빛을 기다리는 사람들.	한 무리의 친구들이 배를 타고 있다	contradiction
자전거의 불빛을 기다리는 사람들.	자전거를 탄 사람들.	entailment
자전거의 불빛을 기다리는 사람들.	전등에 자전거를 타는 사람들이 있다	neutral
자전거의 불빛을 기다리는 사람들.	사람들이 안에서 기다리고 있다.	contradiction
자전거의 불빛을 기다리는 사람들.	밖에 사람들이 몇 명 있다.	entailment
자전거의 불빛을 기다리는 사람들.	사람들이 자전거를 타고 있다.	entailment
자전거의 불빛을 기다리는 사람들.	사람들이 자전거를 타고 체육관으로 가고 있다.	neutral
자전거의 불빛을 기다리는 사람들.	사람들이 시내를 자전거로 지나간다.	neutral
자전거의 불빛을 기다리는 사람들.	사람들이 자전거를 타고 있다.	entailment
자전거의 불빛을 기다리는 사람들.	자전거 옆에는 교통체증이 있다.	neutral
자전거의 불빛을 기다리는 사람들.	사람들이 빨간불을 켜고 있다.	contradiction
자전거의 불빛을 기다리는 사람들.	자동차 경주를 하는 사람들.	contradiction
자전거의 불빛을 기다리는 사람들.	길모퉁이에 있는 남자들과 여자들.	entailment
자전거의 불빛을 기다리는 사람들.	무당벌레 한 마리가 아름다운 분홍색 장미 위에 떨어졌다.	contradiction
자전거의 불빛을 기다리는 사람들.	오토바이를 탄 남녀, 헬멧과 보호 재킷을 입고 있었다.	neutral
자전거를 탄 사람들이 교차로에서 기다리고 있다.	사람들이 스케이트보드를 타고 있다.	contradiction
자전거를 탄 사람들이 교차로에서 기다리고 있다.	사람들이 자전거를 타고 있다.	entailment
자전거를 탄 사람들이 교차로에서 기다리고 있다.	지금 자전거 경주가 벌어지고 있다.	neutral
자전거를 탄 사람들이 교차로에서 기다리고 있다.	자전거를 탄 사람들은 교통 체증을 기다리는 대화를 즐긴다.	neutral
자전거를 탄 사람들이 교차로에서 기다리고 있다.	사람들이 길 건너 편의점에 가려고 애쓰고 있다.	neutral
자전거를 탄 사람들이 교차로에서 기다리고 있다.	사람들은 교통체증으로 기다린다.	entailment
자전거를 탄 사람들이 교차로에서 기다리고 있다.	자전거를 탄 몇몇 사람들은 교차로에서 정차한다.	neutral
자전거를 탄 사람들이 교차로에서 기다리고 있다.	사람들이 걸어서 기다리고 있다.	contradiction
자전거를 탄 사람들이 교차로에서 기다리고 있다.	도로에 자전거 타는 사람들이 멈춰 있다.	entailment
자전거를 탄 사람들이 교차로에서 기다리고 있다.	사람들이 자고 있다.	contradiction
자전거를 탄 사람들이 교차로에서 기다리고 있다.	사람들이 영화가 시작되기를 기다리고 있다.	contradiction
자전거를 탄 사람들이 교차로에서 기다리고 있다.	자전거를 탄 한 사람 이상이 교통법을 준수하고 있다.	entailment
자전거를 탄 사람들이 교차로에서 기다리고 있다.	사람들은 산악자전거를 타고 있다.	neutral
자전거를 탄 사람들이 교차로에서 기다리고 있다.	자전거를 타는 사람들이 있다.	entailment
자전거를 탄 사람들이 교차로에서 기다리고 있다.	자전거를 탄 사람들은 교차로를 통해 속도를 낸다.	contradiction
빨간 셔츠를 입은 남자가 맨 위에 채워진 부착된 카트 위에 서 있는 다른 남자를 보고 있다.	카트가 비어 있습니다.	contradiction
빨간 셔츠를 입은 남자가 맨 위에 채워진 부착된 카트 위에 서 있는 다른 남자를 보고 있다.	한 남자가 다른 남자에게 피기백 놀이기구를 주고 있다.	contradiction
빨간 셔츠를 입은 남자가 맨 위에 채워진 부착된 카트 위에 서 있는 다른 남자를 보고 있다.	수레에는 물건들이 가득하다.	entailment
빨간 셔츠를 입은 남자가 맨 위에 채워진 부착된 카트 위에 서 있는 다른 남자를 보고 있다.	한 남자가 벤치 밑에서 자고 있다.	contradiction
빨간 셔츠를 입은 남자가 맨 위에 채워진 부착된 카트 위에 서 있는 다른 남자를 보고 있다.	남자는 다른 남자를 본다.	entailment
빨간 셔츠를 입은 남자가 맨 위에 채워진 부착된 카트 위에 서 있는 다른 남자를 보고 있다.	농산물 판매업자는 보건부 직원에 의해 감시된다.	neutral
빨간 셔츠를 입은 남자가 맨 위에 채워진 부착된 카트 위에 서 있는 다른 남자를 보고 있다.	누군가는 물건이 가득 찬 수레 위에 있고, 다른 사람은 관찰한다.	entailment
빨간 셔츠를 입은 남자가 맨 위에 채워진 부착된 카트 위에 서 있는 다른 남자를 보고 있다.	남자가 여자를 지켜보고 있다.	contradiction
빨간 셔츠를 입은 남자가 맨 위에 채워진 부착된 카트 위에 서 있는 다른 남자를 보고 있다.	한 상인과 그의 조수는 그들의 카트에 얼마나 많은 제품이 있는지 결정하려고 노력하고 있다.	neutral
빨간 셔츠를 입은 남자가 맨 위에 채워진 부착된 카트 위에 서 있는 다른 남자를 보고 있다.	수레는 석탄으로 가득 차 있다.	neutral
빨간 셔츠를 입은 남자가 맨 위에 채워진 부착된 카트 위에 서 있는 다른 남자를 보고 있다.	한 남자가 카트 위에 서 있다.	entailment
빨간 셔츠를 입은 남자가 맨 위에 채워진 부착된 카트 위에 서 있는 다른 남자를 보고 있다.	카트가 상부로 충진된다.	entailment
빨간 셔츠를 입은 남자가 맨 위에 채워진 부착된 카트 위에 서 있는 다른 남자를 보고 있다.	남자들이 밖에 있다.	neutral
빨간 셔츠를 입은 남자가 맨 위에 채워진 부착된 카트 위에 서 있는 다른 남자를 보고 있다.	사람은 문어를 먹는다.	contradiction
빨간 셔츠를 입은 남자가 맨 위에 채워진 부착된 카트 위에 서 있는 다른 남자를 보고 있다.	한 남자가 식료품이 가득 찬 수레 위에 서 있다.	neutral
한 소년이 여자처럼 생긴 분수대에서 술을 마시고 있다.	수컷이 물을 마시고 있다.	entailment
한 소년이 여자처럼 생긴 분수대에서 술을 마시고 있다.	조각가가 여자친구처럼 생긴 분수대에서 술을 가져간다.	neutral
한 소년이 여자처럼 생긴 분수대에서 술을 마시고 있다.	한 남자가 잔에 담긴 레모네이드를 마시고 있다.	contradiction
세 명의 폭주족이 시내에 정차한다.	시내에 정차하다	neutral
세 명의 폭주족이 시내에 정차한다.	자전거 타는 사람들은 마을에 들른다	entailment
세 명의 폭주족이 시내에 정차한다.	한 마을이 폭주족 세 명이 도착하는 것을 목격했다.	entailment
세 명의 폭주족이 시내에 정차한다.	신발 폭주족들이 속도를 늦추고 있다	neutral
세 명의 폭주족이 시내에 정차한다.	폭주족들이 할리의 차를 타고 있다.	neutral
세 명의 폭주족이 시내에 정차한다.	폭주족 세 명이 시속 100마일로 달리고 있다	contradiction
세 명의 폭주족이 시내에 정차한다.	폭주족들은 물을 들이마신다	contradiction
세 명의 폭주족이 시내에 정차한다.	자전거 타는 사람들은 가스를 마시기 위해 멈춘다	entailment
세 명의 폭주족이 시내에 정차한다.	세 명의 자전거 타는 사람들이 무리를 지어 타고 있다.	neutral
세 명의 폭주족이 시내에 정차한다.	매우 성난 개가 있다.	contradiction
세 명의 폭주족이 시내에 정차한다.	세 명의 폭주족들이 마을에서 휴식을 취하고 있다.	neutral
세 명의 폭주족이 시내에 정차한다.	폭주족들이 마을에 있다.	entailment
세 명의 폭주족이 시내에 정차한다.	한 무리의 폭주족들이 거리에 있다.	entailment
세 명의 폭주족이 시내에 정차한다.	폭주족들은 마을에 멈추지 않았다.	contradiction
세 명의 폭주족이 시내에 정차한다.	다섯 명의 폭주족들이 도로를 달리고 있다.	contradiction
트럭에 부착된 트레일러에 붓을 싣는 두 사람.	남자가 카누를 물가로 옮기고 있다.	contradiction
트럭에 부착된 트레일러에 붓을 싣는 두 사람.	두어 사람이 트럭에 부착된 트레일러에 붓을 싣고 있다.	entailment
트럭에 부착된 트레일러에 붓을 싣는 두 사람.	트럭에 부착된 트레일러에 붓을 싣는 두 사람이 캠핑을 가서 불태울 수 있도록 했다.	neutral
수염을 기른 남자, 회색 소매와 작업용 장갑이 달린 빨간 셔츠를 입고 밧줄을 잡아당기고 있다.	수염을 기른 남자가 밧줄을 당긴다	entailment
수염을 기른 남자, 회색 소매와 작업용 장갑이 달린 빨간 셔츠를 입고 밧줄을 잡아당기고 있다.	수염을 기른 남자가 직장에서 밧줄을 당기고 있다.	neutral
수염을 기른 남자, 회색 소매와 작업용 장갑이 달린 빨간 셔츠를 입고 밧줄을 잡아당기고 있다.	남자가 밧줄을 잡아당긴다.	entailment
수염을 기른 남자, 회색 소매와 작업용 장갑이 달린 빨간 셔츠를 입고 밧줄을 잡아당기고 있다.	그 남자는 장비를 옮기려고 일을 하고 있었다.	neutral
수염을 기른 남자, 회색 소매와 작업용 장갑이 달린 빨간 셔츠를 입고 밧줄을 잡아당기고 있다.	남자가 턱수염을 뽑다	contradiction
수염을 기른 남자, 회색 소매와 작업용 장갑이 달린 빨간 셔츠를 입고 밧줄을 잡아당기고 있다.	턱수염을 기른 남자가 이빨로 차를 끌고 있다.	contradiction
수염을 기른 남자, 회색 소매와 작업용 장갑이 달린 빨간 셔츠를 입고 밧줄을 잡아당기고 있다.	한 남자가 줄타기 대회에 참가하다	neutral
수염을 기른 남자, 회색 소매와 작업용 장갑이 달린 빨간 셔츠를 입고 밧줄을 잡아당기고 있다.	한 남자가 호수에서 차를 끌어내려 하고 있다.	neutral
수염을 기른 남자, 회색 소매와 작업용 장갑이 달린 빨간 셔츠를 입고 밧줄을 잡아당기고 있다.	남자는 깨끗한 면도를 하고 있었다.	contradiction
수염을 기른 남자, 회색 소매와 작업용 장갑이 달린 빨간 셔츠를 입고 밧줄을 잡아당기고 있다.	수염을 기른 남자가 밧줄을 잡아당기고 있다.	entailment
수염을 기른 남자, 회색 소매와 작업용 장갑이 달린 빨간 셔츠를 입고 밧줄을 잡아당기고 있다.	남자가 썰매를 뒤로 끌고 가고 있다.	neutral
수염을 기른 남자, 회색 소매와 작업용 장갑이 달린 빨간 셔츠를 입고 밧줄을 잡아당기고 있다.	수영복을 입은 남자가 밧줄을 휘두른다.	contradiction
수염을 기른 남자, 회색 소매와 작업용 장갑이 달린 빨간 셔츠를 입고 밧줄을 잡아당기고 있다.	남자가 검은 셔츠를 입고 있다	contradiction
수염을 기른 남자, 회색 소매와 작업용 장갑이 달린 빨간 셔츠를 입고 밧줄을 잡아당기고 있다.	남자가 밧줄을 잡아당기고 있다.	entailment
수염을 기른 남자, 회색 소매와 작업용 장갑이 달린 빨간 셔츠를 입고 밧줄을 잡아당기고 있다.	남자는 수염을 기를 수 있다.	entailment
얼굴 털에 빨갛고 회색 셔츠를 입은 남자가 밧줄을 잡아당겼다.	한 남자가 벌거벗은 채 침대에 누워 있다.	contradiction
얼굴 털에 빨갛고 회색 셔츠를 입은 남자가 밧줄을 잡아당겼다.	남자가 빨간색과 회색 셔츠를 입고 있다.	neutral
얼굴 털에 빨갛고 회색 셔츠를 입은 남자가 밧줄을 잡아당겼다.	남자는 얼굴 털이 있다.	entailment
녹색 두건에 파란색 셔츠를 입은 중년 동양 여성이 거대한 미소를 짓고 있다.	중년의 동양 여성이 V를 보고 있다	contradiction
녹색 두건에 파란색 셔츠를 입은 중년 동양 여성이 거대한 미소를 짓고 있다.	초록색 두건과 파란색 셔츠를 입은 중년 동양 여성이 거대한 미소를 짓고 있다.	entailment
녹색 두건에 파란색 셔츠를 입은 중년 동양 여성이 거대한 미소를 짓고 있다.	중년의 동양 여성은 매우 행복하다	neutral
파란색 상의와 녹색 두건을 쓴 아시아 여성이 다른 여성이 뒤에서 배를 노를 젓자 활짝 웃고 있다.	아시아 여성은 땅에서 돈을 발견했기 때문에 행복하다.	neutral
파란색 상의와 녹색 두건을 쓴 아시아 여성이 다른 여성이 뒤에서 배를 노를 젓자 활짝 웃고 있다.	다른 여자가 노를 젓는 동안 아시아 여성이 미소를 짓고 있다.	entailment
파란색 상의와 녹색 두건을 쓴 아시아 여성이 다른 여성이 뒤에서 배를 노를 젓자 활짝 웃고 있다.	아시아 여성이 개에게서 도망치고 있다.	contradiction
보트 작업자가 선을 고정합니다.	노동자가 보트에 뭔가를 하고 있다.	entailment
보트 작업자가 선을 고정합니다.	보트 노동자가 바다에서 수영을 하고 있다.	contradiction
보트 작업자가 선을 고정합니다.	그 보트 노동자는 선을 세우기 위해 열심히 일한다.	neutral
목걸이를 한 작은 소녀가 수영을 하고 있다.	목걸이를 한 작은 소녀가 수영장에서 수영을 하고 있다	neutral
목걸이를 한 작은 소녀가 수영을 하고 있다.	뚱뚱한 소녀가 가장자리에서 다이빙을 하고 있다	contradiction
목걸이를 한 작은 소녀가 수영을 하고 있다.	목걸이를 한 작은 소녀가 물속에 있다	entailment
스케이트보더가 수영장에서 스케이트를 탄다.	스케이트가 수영장에서 헤엄친다.	contradiction
스케이트보더가 수영장에서 스케이트를 탄다.	스케이트 선수가 수영장에 있다.	entailment
스케이트보더가 수영장에서 스케이트를 탄다.	스케이트 선수가 수영장 입술을 갈고 있다.	neutral
인도인이나 파키스탄인으로 보이는 한 커플이 물 옆 길을 걷고, 어머니는 기저귀를 차고 아이를 안고, 아버지는 인도주의 단체 '아이들을 구하라'의 로고가 적힌 담요에 싸여 있다.	한 남자가 유니세프 담요에 싸여 있다.	contradiction
인도인이나 파키스탄인으로 보이는 한 커플이 물 옆 길을 걷고, 어머니는 기저귀를 차고 아이를 안고, 아버지는 인도주의 단체 '아이들을 구하라'의 로고가 적힌 담요에 싸여 있다.	아이를 안고 있는 커플이 물을 따라 걷고 있다.	entailment
인도인이나 파키스탄인으로 보이는 한 커플이 물 옆 길을 걷고, 어머니는 기저귀를 차고 아이를 안고, 아버지는 인도주의 단체 '아이들을 구하라'의 로고가 적힌 담요에 싸여 있다.	인도 부부가 인도주의 단체와 함께 피난처를 찾고 있다.	neutral
아이를 안고 있는 여자가 있고, 아이 가방을 구한 남자와 함께 있다.	한 무리의 사람들이 추가 포즈를 취하고 있다.	entailment
아이를 안고 있는 여자가 있고, 아이 가방을 구한 남자와 함께 있다.	한 남자와 한 여자가 그들의 아들을 호킹하고 있다.	neutral
아이를 안고 있는 여자가 있고, 아이 가방을 구한 남자와 함께 있다.	한 남자가 비행기를 보고 있다.	contradiction
아기를 가진 가족, 아버지는 아이들을 구하는 표지판을 달고 있다.	세 명의 성인이 그려져 있다.	contradiction
아기를 가진 가족, 아버지는 아이들을 구하는 표지판을 달고 있다.	남자가 글씨가 적힌 옷을 입고 있다.	entailment
아기를 가진 가족, 아버지는 아이들을 구하는 표지판을 달고 있다.	여자가 아기를 안고 있다.	neutral
외국 가족이 물가의 흙길을 따라 걷고 있다.	그들은 자전거를 타고 있다	contradiction
외국 가족이 물가의 흙길을 따라 걷고 있다.	사람들이 호수 옆을 걷고 있다.	neutral
외국 가족이 물가의 흙길을 따라 걷고 있다.	한 외국인 사촌들이 개울가 옆 오솔길을 따라 하이킹을 한다.	neutral
외국 가족이 물가의 흙길을 따라 걷고 있다.	외국 가족이 물의 몸을 따라 흙길을 걷고 있다.	entailment
외국 가족이 물가의 흙길을 따라 걷고 있다.	그 가족은 물에 감탄하고 있다	entailment
외국 가족이 물가의 흙길을 따라 걷고 있다.	사람들이 고속도로에서 차를 운전하고 있다.	contradiction
외국 가족이 물가의 흙길을 따라 걷고 있다.	외국인 가족이 물속에서 수영을 한다.	contradiction
외국 가족이 물가의 흙길을 따라 걷고 있다.	그들은 물에 빠지지 않으려고 노력하고 있다	neutral
외국 가족이 물가의 흙길을 따라 걷고 있다.	한 무리의 지역 주민들이 얼어붙은 개울 옆에 있는 흙길을 달리고 있다.	contradiction
외국 가족이 물가의 흙길을 따라 걷고 있다.	외국인 가족이 물가를 걷고 있다.	entailment
외국 가족이 물가의 흙길을 따라 걷고 있다.	가족이 흙길을 따라 걷는다.	entailment
외국 가족이 물가의 흙길을 따라 걷고 있다.	한 가족이 저녁 식탁에서 보드 게임을 한다.	contradiction
외국 가족이 물가의 흙길을 따라 걷고 있다.	밖에 산책하는 가족이 있다.	entailment
외국 가족이 물가의 흙길을 따라 걷고 있다.	한 가족이 연못 옆 숲의 흙길을 걷고 있다.	neutral
외국 가족이 물가의 흙길을 따라 걷고 있다.	외국인 가족이 호수 옆을 지나간다.	neutral
한 남자와 한 여자가 조각품 옆에 서서 다른 남자가 다른 조각품을 보는 동안 이야기를 나누고 있다.	사람들은 박물관에서 조각품을 보고 있다.	entailment
한 남자와 한 여자가 조각품 옆에 서서 다른 남자가 다른 조각품을 보는 동안 이야기를 나누고 있다.	조각품 옆에 사람들이 있다.	entailment
한 남자와 한 여자가 조각품 옆에 서서 다른 남자가 다른 조각품을 보는 동안 이야기를 나누고 있다.	남자와 여자가 행복하게 서 있다.	neutral
한 남자와 한 여자가 조각품 옆에 서서 다른 남자가 다른 조각품을 보는 동안 이야기를 나누고 있다.	조각품 근처에 서 있는 사람들	entailment
한 남자와 한 여자가 조각품 옆에 서서 다른 남자가 다른 조각품을 보는 동안 이야기를 나누고 있다.	세 사람이 학교 박람회에서 그림을 보고 있다.	contradiction
한 남자와 한 여자가 조각품 옆에 서서 다른 남자가 다른 조각품을 보는 동안 이야기를 나누고 있다.	아무도 서 있지 않다.	contradiction
한 남자와 한 여자가 조각품 옆에 서서 다른 남자가 다른 조각품을 보는 동안 이야기를 나누고 있다.	그 조각품들은 최근에 만들어진 것이다.	neutral
한 남자와 한 여자가 조각품 옆에 서서 다른 남자가 다른 조각품을 보는 동안 이야기를 나누고 있다.	남자와 여자가 서 있다.	entailment
한 남자와 한 여자가 조각품 옆에 서서 다른 남자가 다른 조각품을 보는 동안 이야기를 나누고 있다.	키가 큰 사람들이 서 있다	neutral
한 남자와 한 여자가 조각품 옆에 서서 다른 남자가 다른 조각품을 보는 동안 이야기를 나누고 있다.	그것은 하나의 조각품이다.	contradiction
한 남자와 한 여자가 조각품 옆에 서서 다른 남자가 다른 조각품을 보는 동안 이야기를 나누고 있다.	남자와 여자가 수영장 옆에 서 있다.	contradiction
한 남자와 한 여자가 조각품 옆에 서서 다른 남자가 다른 조각품을 보는 동안 이야기를 나누고 있다.	사람들은 유명한 예술가가 만든 문화들을 보고 있다.	neutral
한 남자와 한 여자가 조각품 옆에 서서 다른 남자가 다른 조각품을 보는 동안 이야기를 나누고 있다.	사람들의 조각품들이 있다.	neutral
한 남자와 한 여자가 조각품 옆에 서서 다른 남자가 다른 조각품을 보는 동안 이야기를 나누고 있다.	근처에는 골칫거리가 있다.	entailment
한 남자와 한 여자가 조각품 옆에 서서 다른 남자가 다른 조각품을 보는 동안 이야기를 나누고 있다.	남자와 여자가 앉아 있다.	contradiction
드레스를 입은 젊은 여성들이 보도 위를 거닐고 있다.	모든 여자들은 옷을 잘 입는다	neutral
드레스를 입은 젊은 여성들이 보도 위를 거닐고 있다.	모든 어린 소녀들이 1등상을 받았다	contradiction
드레스를 입은 젊은 여성들이 보도 위를 거닐고 있다.	그들 중 한 명은 경사로 산책을 위해 산책하는 드레스를 입고 있다.	entailment
줄무늬 상의와 청바지를 입은 남자는 어떤 계단에서 스케이트보드 트릭을 하는 반면, 몸을 구부린 남자는 사진을 찍는다.	남자가 스케이트보드를 타는 남자 사진을 찍고 있다.	entailment
줄무늬 상의와 청바지를 입은 남자는 어떤 계단에서 스케이트보드 트릭을 하는 반면, 몸을 구부린 남자는 사진을 찍는다.	남자가 스쿠터를 혼자 타고 있다	contradiction
줄무늬 상의와 청바지를 입은 남자는 어떤 계단에서 스케이트보드 트릭을 하는 반면, 몸을 구부린 남자는 사진을 찍는다.	토니 호크스 매니저가 토니 호크 스케이트보드를 촬영하고 있다.	neutral
야외에서 짧은 계단 위 공중에서 스케이트보드 킥 플립을 하는 한 남자의 사진을 찍으며 사진의 전경에 쪼그리고 앉아 있는 한 남자.	한 남자가 외계인에게 잡혀가는 스케이트보더의 사진을 찍고 있다.	contradiction
야외에서 짧은 계단 위 공중에서 스케이트보드 킥 플립을 하는 한 남자의 사진을 찍으며 사진의 전경에 쪼그리고 앉아 있는 한 남자.	사진작가들은 버려진 건물 안에서 묘기를 부리는 수컷 스케이트보더를 포착한다.	contradiction
야외에서 짧은 계단 위 공중에서 스케이트보드 킥 플립을 하는 한 남자의 사진을 찍으며 사진의 전경에 쪼그리고 앉아 있는 한 남자.	한 여성이 남자친구와 스케이트보드를 타고 있다.	contradiction
야외에서 짧은 계단 위 공중에서 스케이트보드 킥 플립을 하는 한 남자의 사진을 찍으며 사진의 전경에 쪼그리고 앉아 있는 한 남자.	한 남자가 속임수를 쓰고 있는 스케이트보더의 사진을 찍고 있다.	entailment
야외에서 짧은 계단 위 공중에서 스케이트보드 킥 플립을 하는 한 남자의 사진을 찍으며 사진의 전경에 쪼그리고 앉아 있는 한 남자.	한 남자가 결혼식 사진을 찍는다.	contradiction
야외에서 짧은 계단 위 공중에서 스케이트보드 킥 플립을 하는 한 남자의 사진을 찍으며 사진의 전경에 쪼그리고 앉아 있는 한 남자.	한 남자가 아들이 스케이트보드에서 속임수를 쓰는 사진을 찍고 있다.	neutral
야외에서 짧은 계단 위 공중에서 스케이트보드 킥 플립을 하는 한 남자의 사진을 찍으며 사진의 전경에 쪼그리고 앉아 있는 한 남자.	한 남자가 토니 호크 스케이트보드를 찍는다.	neutral
야외에서 짧은 계단 위 공중에서 스케이트보드 킥 플립을 하는 한 남자의 사진을 찍으며 사진의 전경에 쪼그리고 앉아 있는 한 남자.	한 남자가 스케이트보드를 타는 요령의 사진을 찍고 있다.	entailment
야외에서 짧은 계단 위 공중에서 스케이트보드 킥 플립을 하는 한 남자의 사진을 찍으며 사진의 전경에 쪼그리고 앉아 있는 한 남자.	남자가 흥미진진한 스케이트보드 묘기를 부리는 동안 사람들은 야외에서 사진을 찍는다.	entailment
야외에서 짧은 계단 위 공중에서 스케이트보드 킥 플립을 하는 한 남자의 사진을 찍으며 사진의 전경에 쪼그리고 앉아 있는 한 남자.	한 남자가 다른 남자를 촬영하고 있다.	entailment
야외에서 짧은 계단 위 공중에서 스케이트보드 킥 플립을 하는 한 남자의 사진을 찍으며 사진의 전경에 쪼그리고 앉아 있는 한 남자.	한 프로 사진작가가 프로 스케이트 선수의 사진을 찍고 있다.	neutral
야외에서 짧은 계단 위 공중에서 스케이트보드 킥 플립을 하는 한 남자의 사진을 찍으며 사진의 전경에 쪼그리고 앉아 있는 한 남자.	두 남자가 물 미끄럼틀을 타고 내려가고 있다.	contradiction
야외에서 짧은 계단 위 공중에서 스케이트보드 킥 플립을 하는 한 남자의 사진을 찍으며 사진의 전경에 쪼그리고 앉아 있는 한 남자.	한 남자가 스케이트보더가 속임수를 쓰는 모습을 찍는다.	entailment
야외에서 짧은 계단 위 공중에서 스케이트보드 킥 플립을 하는 한 남자의 사진을 찍으며 사진의 전경에 쪼그리고 앉아 있는 한 남자.	한 남자가 잡지에 쓸 스케이트보더의 완벽한 사진을 얻으려고 한다.	neutral
야외에서 짧은 계단 위 공중에서 스케이트보드 킥 플립을 하는 한 남자의 사진을 찍으며 사진의 전경에 쪼그리고 앉아 있는 한 남자.	한 남성 스케이트보더가 전문 사진작가들을 위해 야외에서 묘기를 부린다.	neutral
한 폭주족은 자전거를 가지고 달리고 다른 폭주족은 자전거를 타고 돌아다닌다.	사람들이 차를 운전하고 있다	contradiction
한 폭주족은 자전거를 가지고 달리고 다른 폭주족은 자전거를 타고 돌아다닌다.	사람들은 클럽의 일원이다	neutral
한 폭주족은 자전거를 가지고 달리고 다른 폭주족은 자전거를 타고 돌아다닌다.	사람들은 자전거를 가지고 있다	entailment
자전거를 탄 두 사람, 자전거를 타고 앞을 달리는 한 사람, 뒷길로 달리는 한 사람.	쇼핑몰에서 아이스크림 콘을 먹는 두 사람.	contradiction
자전거를 탄 두 사람, 자전거를 타고 앞을 달리는 한 사람, 뒷길로 달리는 한 사람.	자전거를 타고 오솔길로 가는 두 사람.	neutral
자전거를 탄 두 사람, 자전거를 타고 앞을 달리는 한 사람, 뒷길로 달리는 한 사람.	자전거를 타고 있는 사람과 함께 자전거 옆에 달리는 한 사람.	entailment
한 젊은이가 사진을 찍으며 계단 아래 스케이트보드에서 장난을 치고 있다.	한 젊은이가 사진을 찍으며 경사로를 가로지른다.	contradiction
한 젊은이가 사진을 찍으며 계단 아래 스케이트보드에서 장난을 치고 있다.	헬멧이 없는 젊은이는 사진을 찍는 동안 스케이트보드에서 묘기를 부린다.	neutral
한 젊은이가 사진을 찍으며 계단 아래 스케이트보드에서 장난을 치고 있다.	한 남자가 계단 아래 스케이트보드에서 속임수를 쓰는 동안 사진을 찍고 있다.	entailment
검은색과 흰색 줄무늬 셔츠를 입고 꽃다발을 들고 있는 한 아가씨가 계단에서 이야기를 나누고 있는 두 신사를 진지하게 바라보고 있다.	한 여자가 남자친구에게 청혼하려고 한다.	neutral
검은색과 흰색 줄무늬 셔츠를 입고 꽃다발을 들고 있는 한 아가씨가 계단에서 이야기를 나누고 있는 두 신사를 진지하게 바라보고 있다.	심각한 얼굴을 한 아가씨가 밖에 있는 계단 앞에 두 남자와 함께 서 있다.	entailment
검은색과 흰색 줄무늬 셔츠를 입고 꽃다발을 들고 있는 한 아가씨가 계단에서 이야기를 나누고 있는 두 신사를 진지하게 바라보고 있다.	세 남자가 손에 꽃을 들고 실내에 서 있다.	contradiction
한 남자가 당당하게 길을 걷고 있다.	남자는 극장에서 아바타를 보고 있다.	contradiction
한 남자가 당당하게 길을 걷고 있다.	그 남자는 게이 자존심 퍼레이드의 일부이다.	neutral
한 남자가 당당하게 길을 걷고 있다.	남자가 밖에 있다.	entailment
네 명의 십대 소년들이 수영장에서 대포알을 하고 있다.	네 명의 친구들이 누가 수영장에서 가장 많은 물을 던지는지 보기 위해 경쟁을 하고 있다.	neutral
네 명의 십대 소년들이 수영장에서 대포알을 하고 있다.	한 무리의 젊은이들이 물을 많이 튀기고 있다.	entailment
네 명의 십대 소년들이 수영장에서 대포알을 하고 있다.	몇몇 소년들이 식당에서 피자를 먹고 있다.	contradiction
물가의 풀밭에 서 있는 세 남자가 테이블 위에 있는 무언가를 보고 있다.	세 사람은 호수 옆에 있다.	neutral
물가의 풀밭에 서 있는 세 남자가 테이블 위에 있는 무언가를 보고 있다.	세 남자가 밖에 있다.	entailment
물가의 풀밭에 서 있는 세 남자가 테이블 위에 있는 무언가를 보고 있다.	세 남자는 실내에서 푸즈볼을 하고 있다.	contradiction
한 여자가 파란 음식 바구니를 손에 들고 야외 그릴 뒤에 서 있다.	가족 요리사에서 음식이 가득 든 파란 바구니를 들고 있는 여자.	neutral
한 여자가 파란 음식 바구니를 손에 들고 야외 그릴 뒤에 서 있다.	파란 음식 바구니를 손에 들고 밖에 있는 그릴 뒤에 서 있는 여자.	entailment
한 여자가 파란 음식 바구니를 손에 들고 야외 그릴 뒤에 서 있다.	교회 밖에서 부활절 달걀이 가득 든 파란 바구니를 들고 있는 여자.	contradiction
랜드로버는 깊은 연못을 통과한다.	차가 물속에 갇힌다.	neutral
랜드로버는 깊은 연못을 통과한다.	차가 가게 안에 있다.	contradiction
랜드로버는 깊은 연못을 통과한다.	차가 물 속을 운전한다.	entailment
많은 사람들이 마당에서 휴식을 취한다.	한 무리의 사람들이 밖에 있다.	entailment
많은 사람들이 마당에서 휴식을 취한다.	한 가족은 뒷마당에서 화창한 날을 즐긴다.	neutral
많은 사람들이 마당에서 휴식을 취한다.	사람들은 거실에서 TV를 본다.	contradiction
차 한 대가 물에 잠겼다.	차가 범람하고 있다.	entailment
차 한 대가 물에 잠겼다.	차가 큰 호수에 충돌했다.	neutral
차 한 대가 물에 잠겼다.	트럭 한 대가 햇빛 아래 시골길을 운전한다.	contradiction
검은 옷을 입은 남자가 콘서트에서 일렉트릭 기타를 연주하고 있다.	남자가 기타를 치고 있다.	entailment
검은 옷을 입은 남자가 콘서트에서 일렉트릭 기타를 연주하고 있다.	남자가 기타를 치면서 노래를 부르고 있다.	neutral
검은 옷을 입은 남자가 콘서트에서 일렉트릭 기타를 연주하고 있다.	남자가 피아노를 치고 있다.	contradiction
거친 머리를 가진 남자가 기타 센터 무대를 연주하는 쇼를 돌린다.	대머리 남자가 드럼을 쳤다.	contradiction
거친 머리를 가진 남자가 기타 센터 무대를 연주하는 쇼를 돌린다.	한 남자가 기타를 들고 무대에 서 있다.	entailment
거친 머리를 가진 남자가 기타 센터 무대를 연주하는 쇼를 돌린다.	한 미친 남자가 쇼에서 연기한다.	neutral
전차에 타고 있는 여성과 어린이는 파월과 시장, 베이와 테일러라고 이름 붙여졌다.	여자가 아이를 안고 있다.	neutral
전차에 타고 있는 여성과 어린이는 파월과 시장, 베이와 테일러라고 이름 붙여졌다.	여자가 전차를 타고 있다.	entailment
전차에 타고 있는 여성과 어린이는 파월과 시장, 베이와 테일러라고 이름 붙여졌다.	여자와 아이는 지하철에 타고 있다.	contradiction
두 명의 여성 의료 전문가, 한 명의 아프리카계 미국인과 한 명의 백인이 병원에서 서류를 검토하고 있다.	월간 안전 회의에서 동료들.	neutral
두 명의 여성 의료 전문가, 한 명의 아프리카계 미국인과 한 명의 백인이 병원에서 서류를 검토하고 있다.	동료들은 퇴근해서 점심을 먹으러 가고 있다.	contradiction
두 명의 여성 의료 전문가, 한 명의 아프리카계 미국인과 한 명의 백인이 병원에서 서류를 검토하고 있다.	직장에 사람들이 있다.	entailment
두 여자가 바인더를 통해 책을 읽고 있다.	두 명의 여성이 기말고사를 위해 공부하고 있다.	neutral
두 여자가 바인더를 통해 책을 읽고 있다.	소녀들이 영화를 보고 있다.	contradiction
두 여자가 바인더를 통해 책을 읽고 있다.	어떤 여자들은 책을 읽고 있다.	entailment
멀리서 한 남자가 말과 낙서로 칠해진 벽돌담을 지나가고 있다.	한 남자가 자신이 훼손한 벽에서 걸어 나간다.	neutral
멀리서 한 남자가 말과 낙서로 칠해진 벽돌담을 지나가고 있다.	한 남자가 앉아서 벽에 걸린 낙서를 읽는다.	contradiction
멀리서 한 남자가 말과 낙서로 칠해진 벽돌담을 지나가고 있다.	벽돌 벽의 그라피티.	entailment
전차를 타고 있는 동안 난간을 잡고 있는 여자와 아이.	사람들은 아무것도 붙잡고 있지 않다.	contradiction
전차를 타고 있는 동안 난간을 잡고 있는 여자와 아이.	사람들이 난간을 잡고 있다.	entailment
전차를 타고 있는 동안 난간을 잡고 있는 여자와 아이.	사람들은 샌프란시스코의 전차에 타고 있다.	neutral
줄무늬 폴로 셔츠를 입은 남자가 가리키며 웃고 있다.	남자가 수영을 하고 있다	contradiction
줄무늬 폴로 셔츠를 입은 남자가 가리키며 웃고 있다.	남자가 밖에 있다	neutral
줄무늬 폴로 셔츠를 입은 남자가 가리키며 웃고 있다.	그 남자는 행복해 보인다	entailment
청중을 위해 자전거 점프 트릭을 하는 남자.	BMX 프로가 트리플 백플립을 하고 있다	neutral
청중을 위해 자전거 점프 트릭을 하는 남자.	토니 호크는 스케이트 묘기를 부리고 있다	contradiction
청중을 위해 자전거 점프 트릭을 하는 남자.	남자가 자전거 묘기를 부리고 있다	entailment
파란 드레스 코트에 눈송이가 달린 백발의 여자가 머리에 뭔가 균형을 잡고 있다.	여자가 코트를 입고 있다.	entailment
파란 드레스 코트에 눈송이가 달린 백발의 여자가 머리에 뭔가 균형을 잡고 있다.	그 여자는 금발 머리를 좋아한다.	contradiction
파란 드레스 코트에 눈송이가 달린 백발의 여자가 머리에 뭔가 균형을 잡고 있다.	여자가 눈으로부터 자신을 지키고 있다.	neutral
두 아이가 들판에서 놀고 있다.	남매가 들판에서 서로를 쫓는다.	neutral
두 아이가 들판에서 놀고 있다.	아이들이 야외에서 놀고 있다.	entailment
두 아이가 들판에서 놀고 있다.	두 아이가 책상에서 책을 읽고 있다.	contradiction
한 남자가 안에 앉아 밴조를 연주하고, 밖에 나무들이 있다.	한 남자가 밖으로 달려 나간다.	contradiction
한 남자가 안에 앉아 밴조를 연주하고, 밖에 나무들이 있다.	실내에 앉아 있는 남자.	entailment
한 남자가 안에 앉아 밴조를 연주하고, 밖에 나무들이 있다.	한 남자가 소파에 앉아 밴조를 연주한다.	neutral
화려한 의상을 입은 두 아이가 가운데 큰 바위가 있는 들판에서 놀고 있다.	돌을 가지고 놀지 마세요	contradiction
화려한 의상을 입은 두 아이가 가운데 큰 바위가 있는 들판에서 놀고 있다.	두 아이가 들판에서 큰 바위를 가지고 놀고 있다.	entailment
화려한 의상을 입은 두 아이가 가운데 큰 바위가 있는 들판에서 놀고 있다.	두 아이가 가족과 함께 들판에서 큰 바위를 가지고 놀고 있다.	neutral
두 명의 어린 소녀들이 비도시 환경에서 밖에서 놀고 있다.	몇몇 소녀들이 열린 들판을 달리고 있다.	neutral
두 명의 어린 소녀들이 비도시 환경에서 밖에서 놀고 있다.	두 소녀가 밖에서 놀고 있다.	entailment
두 명의 어린 소녀들이 비도시 환경에서 밖에서 놀고 있다.	몇몇 소녀들이 주차된 차들 옆에 있는 보도에서 달리고 있다.	contradiction
모자를 쓴 두 아이가 탁 트인 바위밭에서 놀고 있다.	아이들은 집에서 점심을 먹고 있다.	contradiction
모자를 쓴 두 아이가 탁 트인 바위밭에서 놀고 있다.	아이들이 바위 밭에서 놀고 있다.	entailment
모자를 쓴 두 아이가 탁 트인 바위밭에서 놀고 있다.	아이들이 캐치볼을 하고 있다.	neutral
초록색과 분홍색 드레스를 입은 여성이 흰색 바지에 파란색 상의를 입은 사람과 춤을 추고 있다.	춤추는 여자가 잔디 위에 있다.	neutral
초록색과 분홍색 드레스를 입은 여성이 흰색 바지에 파란색 상의를 입은 사람과 춤을 추고 있다.	녹색과 분홍색 옷을 입은 여자가 춤을 추고 있다.	entailment
초록색과 분홍색 드레스를 입은 여성이 흰색 바지에 파란색 상의를 입은 사람과 춤을 추고 있다.	춤추는 여자는 침실에 혼자 있다.	contradiction
금색 바지를 입은 남자가 카메라를 보고 있다.	남자가 카메라를 보고 있다.	entailment
금색 바지를 입은 남자가 카메라를 보고 있다.	남자가 뭔가를 보고 있다.	neutral
금색 바지를 입은 남자가 카메라를 보고 있다.	남자가 복도로 걸어가고 있다.	contradiction
금색 치마를 입은 남자가 컴퓨터 앞에 앉아 있다.	컴퓨터 앞에 앉아 컴퓨터 화면을 보고 있는 금색 치마를 입은 남자.	entailment
금색 치마를 입은 남자가 컴퓨터 앞에 앉아 있다.	골프 치마를 입은 남자가 컴퓨터에 앉아 친구들에게 온라인으로 타이핑을 하고 있다.	neutral
금색 치마를 입은 남자가 컴퓨터 앞에 앉아 있다.	파란 바지를 입은 남자가 앉아서 텔레비전을 보고 있다.	contradiction
컴퓨터 데스크에 앉아 있는 검은 티셔츠를 입은 남자.	남자가 컴퓨터 작업을 하고 있다	entailment
컴퓨터 데스크에 앉아 있는 검은 티셔츠를 입은 남자.	그 남자는 일을 취소하고 하루 종일 동물원에 있었다.	contradiction
컴퓨터 데스크에 앉아 있는 검은 티셔츠를 입은 남자.	남자가 일을 위해 프로젝트를 하고 있다	neutral
검은 티셔츠를 입은 수염을 기른 남자가 컴퓨터를 들고 책상 앞에 앉아 있다.	한 남자가 빗속에 서 있다.	contradiction
검은 티셔츠를 입은 수염을 기른 남자가 컴퓨터를 들고 책상 앞에 앉아 있다.	컴퓨터를 들고 기다리는 남자.	entailment
검은 티셔츠를 입은 수염을 기른 남자가 컴퓨터를 들고 책상 앞에 앉아 있다.	새 노트북을 사는 남자.	neutral
컴퓨터 데스크에 앉아 있는 금박 치마를 입은 남자가 두 손을 얼굴에 대고 카메라를 본다.	남자가 웹캠을 보고 있다	entailment
컴퓨터 데스크에 앉아 있는 금박 치마를 입은 남자가 두 손을 얼굴에 대고 카메라를 본다.	그는 얼굴을 가리고 있다	neutral
컴퓨터 데스크에 앉아 있는 금박 치마를 입은 남자가 두 손을 얼굴에 대고 카메라를 본다.	남자가 혀를 내밀고 있다	contradiction
머리에 그릇을 얹은 채 테이블에 앉아 있는 어린 소녀	어린 소녀는 머리에 그릇을 가지고 있다	entailment
머리에 그릇을 얹은 채 테이블에 앉아 있는 어린 소녀	한 갓난아기가 그녀의 머리에 스파게티 그릇을 버렸다.	neutral
머리에 그릇을 얹은 채 테이블에 앉아 있는 어린 소녀	한 남자가 차에서 시리얼을 먹고 있다	contradiction
한 남자가 밤에 불 지휘봉을 들고 춤을 춘다.	군중은 그가 발을 디딜 때 환호한다	neutral
한 남자가 밤에 불 지휘봉을 들고 춤을 춘다.	여자는 훌라춤을 춘다	contradiction
한 남자가 밤에 불 지휘봉을 들고 춤을 춘다.	남자가 춤을 추고 있다	entailment
의사가 아기의 위를 검사한다.	아기가 검진을 받고 있다.	entailment
의사가 아기의 위를 검사한다.	의사가 아기의 입 안을 들여다보고 있다.	contradiction
의사가 아기의 위를 검사한다.	토들이 아플지도 모른다.	neutral
젊은 금발 여자가 물 분수대에 발을 들여놓는다.	이브닝 가운을 입고 신발을 손에 들고 있는 젊은 여성이 시카고의 버킹엄 분수에 한 발을 담그고 있다.	neutral
젊은 금발 여자가 물 분수대에 발을 들여놓는다.	한 젊은 금발 여성이 해변 의자에 앉아 있다.	contradiction
젊은 금발 여자가 물 분수대에 발을 들여놓는다.	한 사람이 발을 물에 담그고 있다.	entailment
한 젊은 여자가 분수에 발을 찔러 넣으려고 한다.	여자가 기차를 타고 있다.	contradiction
한 젊은 여자가 분수에 발을 찔러 넣으려고 한다.	여자가 분수 근처에 있다.	entailment
한 젊은 여자가 분수에 발을 찔러 넣으려고 한다.	여자는 한쪽 발을 허공에 대고 있다.	neutral
카프리 청바지를 입은 한 여성이 떨어지는 물을 만지기 위해 왼발을 걷어차고 분수대 가장자리에 웅크리고 있다.	한 여성이 공원을 걷고 있다	contradiction
카프리 청바지를 입은 한 여성이 떨어지는 물을 만지기 위해 왼발을 걷어차고 분수대 가장자리에 웅크리고 있다.	여자는 물을 만지고 싶어 한다	neutral
카프리 청바지를 입은 한 여성이 떨어지는 물을 만지기 위해 왼발을 걷어차고 분수대 가장자리에 웅크리고 있다.	여자는 분수의 물을 만지는 것과 같다.	entailment
여자는 물속에 발가락을 꽂으며 분수 가장자리에서 균형을 잡고 있다.	한 여자가 분수에 서서 발가락을 담근다.	entailment
여자는 물속에 발가락을 꽂으며 분수 가장자리에서 균형을 잡고 있다.	한 여자가 풀밭에 앉아 있다.	contradiction
여자는 물속에 발가락을 꽂으며 분수 가장자리에서 균형을 잡고 있다.	한 노파가 분수대 위에 서서 발가락을 꽂는다.	neutral
한 커플이 손으로 팔과 팔을 잡고 도시 보도를 거닐고 있다.	그 커플은 야외에 있다.	entailment
한 커플이 손으로 팔과 팔을 잡고 도시 보도를 거닐고 있다.	그 부부는 결혼했다.	neutral
한 커플이 손으로 팔과 팔을 잡고 도시 보도를 거닐고 있다.	그 커플은 식당에서 저녁을 먹고 있다.	contradiction
한 남자가 블록을 걸어가면서 지나가는 커플을 응시한다.	한 남자가 지나가는 커플을 응시한다.	entailment
한 남자가 블록을 걸어가면서 지나가는 커플을 응시한다.	남자는 그 커플을 질투하고 있다.	neutral
한 남자가 블록을 걸어가면서 지나가는 커플을 응시한다.	그 여자는 그들이 블록을 내려가면서 커플을 응시한다.	contradiction
한 커플이 길을 걷는 동안 등 뒤로 손을 잡고 있는데, 그 남자는 그녀의 어깨에 팔을 둘렀다.	부부집행	neutral
한 커플이 길을 걷는 동안 등 뒤로 손을 잡고 있는데, 그 남자는 그녀의 어깨에 팔을 둘렀다.	커플 워킹	entailment
한 커플이 길을 걷는 동안 등 뒤로 손을 잡고 있는데, 그 남자는 그녀의 어깨에 팔을 둘렀다.	동물원에 있다	contradiction
한 남자와 한 여자가 도시 보도를 따라 걸으면서 손을 잡고 있다.	결혼한 부부가 보도에서 싸우고 있다.	contradiction
한 남자와 한 여자가 도시 보도를 따라 걸으면서 손을 잡고 있다.	한 결혼한 부부가 도시 보도를 따라 걸으면서 손을 잡고 있다.	neutral
한 남자와 한 여자가 도시 보도를 따라 걸으면서 손을 잡고 있다.	남자와 여자가 손을 잡고 있다.	entailment
빨간 옷을 입은 남자가 그의 아이와 함께 해변에 서 있다.	파란 옷을 입은 남자가 아이와 함께 그의 집 안에서 무릎을 꿇고 자고 있다.	contradiction
빨간 옷을 입은 남자가 그의 아이와 함께 해변에 서 있다.	바다가 내려다보이는 해변에서 아이와 함께 빨간 옷을 입은 남자.	entailment
빨간 옷을 입은 남자가 그의 아이와 함께 해변에 서 있다.	다른 사람들이 해변에 모래성을 짓는 것을 보면서 아이와 함께 빨간 옷을 입은 남자.	neutral
걷지 못하는 아이들에게 감사를 표하기 위해 새로운 스포츠가 행해지고 있다.	사람들은 불구자들을 기리기 위해 스포츠를 하고 있다.	entailment
걷지 못하는 아이들에게 감사를 표하기 위해 새로운 스포츠가 행해지고 있다.	사람들은 장비 없이 축구를 하고 있다.	contradiction
걷지 못하는 아이들에게 감사를 표하기 위해 새로운 스포츠가 행해지고 있다.	사람들은 장애인 기금을 마련하기 위해 스포츠를 하는 것이다.	neutral
휠체어를 탄 두 남자가 농구를 위해 공중으로 손을 뻗고 있다.	휠체어를 탄 두 명의 슬픈 남자가 농구를 위해 공중으로 손을 뻗고 있다.	neutral
휠체어를 탄 두 남자가 농구를 위해 공중으로 손을 뻗고 있다.	휠체어를 탄 두 사람이 농구를 위해 공중으로 손을 뻗고 있다.	entailment
휠체어를 탄 두 남자가 농구를 위해 공중으로 손을 뻗고 있다.	휠체어를 탄 두 여성이 농구를 위해 공중으로 손을 뻗고 있다.	contradiction
팀 유니폼을 입은 3명의 휠체어 농구 선수가 배경에서 다른 선수들과 함께 하강 농구에 도달하려고 시도하고 있습니다.	농구 경기를 하는 휠체어 농구 선수들도 있다.	neutral
팀 유니폼을 입은 3명의 휠체어 농구 선수가 배경에서 다른 선수들과 함께 하강 농구에 도달하려고 시도하고 있습니다.	운동장에서 농구를 하는 휠체어 농구선수 3명.	entailment
팀 유니폼을 입은 3명의 휠체어 농구 선수가 배경에서 다른 선수들과 함께 하강 농구에 도달하려고 시도하고 있습니다.	사람들이 커피숍에서 함께 커피를 마시고 있다.	contradiction
농구 코트에서 휠체어를 탄 네 명의 남자가 공중에서 농구를 잡으려 하고 있다.	네 명의 남자가 카드놀이를 하고 있다.	contradiction
농구 코트에서 휠체어를 탄 네 명의 남자가 공중에서 농구를 잡으려 하고 있다.	네 명의 남자가 농구를 하고 있다.	entailment
농구 코트에서 휠체어를 탄 네 명의 남자가 공중에서 농구를 잡으려 하고 있다.	네 명의 선수들은 장애가 있다.	neutral
갈색과 흰색의 다른 색조의 개 세 마리가 서로 물고 핥는다.	개들이 싸우고 있다	contradiction
갈색과 흰색의 다른 색조의 개 세 마리가 서로 물고 핥는다.	세 마리의 개가 있다	entailment
갈색과 흰색의 다른 색조의 개 세 마리가 서로 물고 핥는다.	노는 개	neutral
두 마리의 개가 장난스럽게 혀가 튀어나온 세 번째 개를 물어뜯는다.	강아지 두 마리가 엄마를 물고, 그녀는 바지를 입는다.	neutral
두 마리의 개가 장난스럽게 혀가 튀어나온 세 번째 개를 물어뜯는다.	3분의 1이 음식을 먹는 동안 두 마리의 개가 자고 있다.	contradiction
두 마리의 개가 장난스럽게 혀가 튀어나온 세 번째 개를 물어뜯는다.	개 한 쌍이 갉아먹으며 3분의 1을 놀린다.	entailment
작은 강아지 세 마리가 풀밭에서 함께 물고 논다.	강아지들이 바구니에서 자고 있다.	contradiction
작은 강아지 세 마리가 풀밭에서 함께 물고 논다.	그들은 개 공원에서 놀고 있다.	neutral
작은 강아지 세 마리가 풀밭에서 함께 물고 논다.	세 마리의 강아지가 밖에서 놀고 있습니다.	entailment
두 마리의 개가 들판에서 다른 개를 물어뜯었다.	개 물기	neutral
두 마리의 개가 들판에서 다른 개를 물어뜯었다.	다른 개를 공격하는 개들	entailment
두 마리의 개가 들판에서 다른 개를 물어뜯었다.	서류철에 앉아 있는 개	contradiction
기차역에서 기다리는 관광객들.	미술관을 돌아다니는 관광객.	contradiction
기차역에서 기다리는 관광객들.	한 무리의 관광객이 밖에서 기차를 기다리고 있다.	neutral
기차역에서 기다리는 관광객들.	기차역에서 기차를 기다리는 한 무리의 관광객.	entailment
파란 수술복을 입은 의사가 두 남자와 한 여자의 도움을 받아 수술을 하고 있다.	노인이 말하고 있었다	entailment
파란 수술복을 입은 의사가 두 남자와 한 여자의 도움을 받아 수술을 하고 있다.	소년들은 화가 났다	contradiction
파란 수술복을 입은 의사가 두 남자와 한 여자의 도움을 받아 수술을 하고 있다.	그 아이는 행복했다	neutral
검은 재킷을 입은 여자가 야외 영화 포스터를 지나간다.	한 여성이 영화관을 떠나고 있다.	neutral
검은 재킷을 입은 여자가 야외 영화 포스터를 지나간다.	한 여자가 밖으로 걸어 나갔다.	entailment
검은 재킷을 입은 여자가 야외 영화 포스터를 지나간다.	여자가 청소를 하고 있다.	contradiction
하얀 우산을 든 엘프 모자를 쓴 남자가 다른 두 남자와 함께 보도 위에 서 있다.	한 남자가 서 있다.	entailment
하얀 우산을 든 엘프 모자를 쓴 남자가 다른 두 남자와 함께 보도 위에 서 있다.	내 사랑은 빨갛고 빨간 가발 같아.	contradiction
하얀 우산을 든 엘프 모자를 쓴 남자가 다른 두 남자와 함께 보도 위에 서 있다.	다른 사람들은 근처에 있다.	neutral
인도 아가씨와 파란 양복을 입은 남자가 햇빛 속에서 춤을 추고 있다.	여자는 피클을 먹는다.	contradiction
인도 아가씨와 파란 양복을 입은 남자가 햇빛 속에서 춤을 추고 있다.	두 사람이 야외에서 춤을 춘다.	entailment
인도 아가씨와 파란 양복을 입은 남자가 햇빛 속에서 춤을 추고 있다.	밴드가 공연하는 동안 두 사람이 춤을 춘다.	neutral
나이 든 남자 두 명이 이야기를 나누고 있다.	두 사람이 대화를 나누고 있다.	entailment
나이 든 남자 두 명이 이야기를 나누고 있다.	남자들이 아이디어를 주고받고 있다.	neutral
나이 든 남자 두 명이 이야기를 나누고 있다.	군중이 서로 이야기를 나누고 있다.	contradiction
한 산악자전거 선수가 숲에서 비탈길을 뛰어내린다.	그들은 빠르게 가고 있다.	neutral
한 산악자전거 선수가 숲에서 비탈길을 뛰어내린다.	폭주족이 나무 옆에서 점프를 하고 있다.	entailment
한 산악자전거 선수가 숲에서 비탈길을 뛰어내린다.	그들은 자전거를 타지 않는다.	contradiction
한 산악자전거 선수가 숲에서 비탈길을 뛰어내린다.	한 사람이 자전거에서 새로운 묘기를 배우려고 하고 있다.	neutral
한 산악자전거 선수가 숲에서 비탈길을 뛰어내린다.	폭주족이 구멍에 뛰어들고 있다.	entailment
한 산악자전거 선수가 숲에서 비탈길을 뛰어내린다.	사람은 야외에서 자전거를 탄다.	entailment
한 산악자전거 선수가 숲에서 비탈길을 뛰어내린다.	그 폭주족은 남자나 여자일 수 있다	neutral
한 산악자전거 선수가 숲에서 비탈길을 뛰어내린다.	자전거 타는 사람이 있어요	entailment
한 산악자전거 선수가 숲에서 비탈길을 뛰어내린다.	한 폭주족이 숲이 우거진 지역에서 점프를 하고 있다.	neutral
한 산악자전거 선수가 숲에서 비탈길을 뛰어내린다.	그 폭주족은 작은 자전거를 이용해 구멍을 내고 있다.	neutral
한 산악자전거 선수가 숲에서 비탈길을 뛰어내린다.	그들은 나무를 피하고 있다.	entailment
한 산악자전거 선수가 숲에서 비탈길을 뛰어내린다.	그 산악자전거는 사막길로 가고 있다.	contradiction
한 산악자전거 선수가 숲에서 비탈길을 뛰어내린다.	폭주족이 화산을 뛰어넘으려 하고 있다.	contradiction
한 산악자전거 선수가 숲에서 비탈길을 뛰어내린다.	그는 실내에 있다	contradiction
한 산악자전거 선수가 숲에서 비탈길을 뛰어내린다.	사람이 봅슬레이를 타고 있다.	contradiction
겨울 코트를 입은 두 명의 나이든 남자가 잔디밭이 있는 가게 밖에서 가벼운 눈 코트로 뒤덮인 채 이야기를 나누고 있다.	노인들이 날씨에 대해 토론하고 있다.	neutral
겨울 코트를 입은 두 명의 나이든 남자가 잔디밭이 있는 가게 밖에서 가벼운 눈 코트로 뒤덮인 채 이야기를 나누고 있다.	겨울 코트를 입은 두 노인이 밖에서 이야기한다.	entailment
겨울 코트를 입은 두 명의 나이든 남자가 잔디밭이 있는 가게 밖에서 가벼운 눈 코트로 뒤덮인 채 이야기를 나누고 있다.	노인들은 우비를 입고 있다.	contradiction
두 노인이 대화를 나누고, 백그라운드에 눈이 덮였다.	남자들이 커피를 마시고 쿠키를 먹고 있다	neutral
두 노인이 대화를 나누고, 백그라운드에 눈이 덮였다.	남자들이 자고 있다	contradiction
두 노인이 대화를 나누고, 백그라운드에 눈이 덮였다.	이 사진에는 밖에 두 남자가 있습니다	entailment
두 남자가 밖에 서 있고 눈이 땅에 있다.	눈싸움을 준비하는 두 남자.	neutral
두 남자가 밖에 서 있고 눈이 땅에 있다.	사람들이 눈 가까이에 있다.	entailment
두 남자가 밖에 서 있고 눈이 땅에 있다.	눈천사를 만드는 남자들.	contradiction
코트를 입은 나이 든 남자 두 명이 밖에 서 있다.	이 사람들은 코트를 입지 않았다.	contradiction
코트를 입은 나이 든 남자 두 명이 밖에 서 있다.	그들은 외투를 입고 밖에 있다.	entailment
코트를 입은 나이 든 남자 두 명이 밖에 서 있다.	날씨는 춥지만 어쨌든 그들은 밖으로 나갔다.	neutral
보라색 스카프와 모자를 쓴 신사가 아코디언을 들고 돈을 보고 있다.	한 여자가 침실에서 머리를 빗고 있다.	contradiction
보라색 스카프와 모자를 쓴 신사가 아코디언을 들고 돈을 보고 있다.	남자가 아코디언을 들고 있다.	entailment
보라색 스카프와 모자를 쓴 신사가 아코디언을 들고 돈을 보고 있다.	한 남자가 수백 달러를 보고 있다.	neutral
BMX 바이커가 협곡 위로 뛰어오른다.	협곡 점프는 결코 쉽지 않다	neutral
BMX 바이커가 협곡 위로 뛰어오른다.	협곡 점프에 완벽한 BMX 바이커가 있다	entailment
BMX 바이커가 협곡 위로 뛰어오른다.	누구든지 협곡 점프를 할 수 있다	contradiction
흰색 자전거가 도로 표지판에 묶여 있다.	자전거는 정지 표지판에 묶여 있다	neutral
흰색 자전거가 도로 표지판에 묶여 있다.	차는 표지판에 주차되어 있다	contradiction
흰색 자전거가 도로 표지판에 묶여 있다.	자전거가 표지판에 묶여 있다	entailment
하얀 자전거가 기둥에 기대고 있다.	자전거 한 대가 곧 다시 수리될 것이다.	contradiction
하얀 자전거가 기둥에 기대고 있다.	타이어가 펑크난 자전거는 타지 않고 있다	neutral
하얀 자전거가 기둥에 기대고 있다.	밖에 있는 자전거	entailment
소년은 자전거를 잠그고 가버렸다.	자전거를 타는 소년.	contradiction
소년은 자전거를 잠그고 가버렸다.	한 소년이 걸어가고 있다.	entailment
소년은 자전거를 잠그고 가버렸다.	한 소년이 걸어가는 가운데 자전거 한 대가 묶여 있었다.	neutral
낮에 붐비는 도시.	한낮에 사람들로 가득 찬 도시.	entailment
낮에 붐비는 도시.	세상의 가장자리에 버려진 도시.	contradiction
낮에 붐비는 도시.	따뜻한 여름날 많은 차들로 가득 찬 붐비는 도시.	neutral
대도시를 돌아다니는 사람들.	사람들이 공원으로 걸어가고 있다.	neutral
대도시를 돌아다니는 사람들.	사람들이 밖에 있다.	entailment
대도시를 돌아다니는 사람들.	사람들이 자고 있다.	contradiction
뉴욕을 닮은 바쁜 도시.	그 도시에는 많은 사람들이 있다.	entailment
뉴욕을 닮은 바쁜 도시.	그 도시는 매우 크다.	neutral
뉴욕을 닮은 바쁜 도시.	이 도시는 캔자스의 로렌스와 닮았다.	contradiction
뉴욕시 타임스퀘어의 거리를 가로지르는 건물과 사람들의 풍경.	도시가 있다.	entailment
뉴욕시 타임스퀘어의 거리를 가로지르는 건물과 사람들의 풍경.	양귀비의 밭은 완벽하게 고요하다.	contradiction
뉴욕시 타임스퀘어의 거리를 가로지르는 건물과 사람들의 풍경.	뉴욕 타임스퀘어는 사람들로 가득 차 있고 소음과 활동으로 붐빈다.	neutral
여자가 점토 냄비를 만들고 있다.	남자가 그림을 그리고 있다.	contradiction
여자가 점토 냄비를 만들고 있다.	여자가 화분을 만들고 있다.	neutral
여자가 점토 냄비를 만들고 있다.	예술가가 점토로 조각하고 있다.	entailment
손님을 기다리는 이발사.	앞에 서 있는 그의 가게 안에 이발사가 있다.	neutral
손님을 기다리는 이발사.	이발사가 일하고 있다.	entailment
손님을 기다리는 이발사.	이발사가 결국 가게를 닫고 있다.	contradiction
이발소에 앉아 있는 남자.	개인이 실내에서 기다리고 있다.	entailment
이발소에 앉아 있는 남자.	한 남자가 머리를 자르기 위해 기다리고 있다.	neutral
이발소에 앉아 있는 남자.	남자가 이를 닦고 있다.	contradiction
그릇에 유약을 바르려고 준비하는 여자.	유약을 준비하는 행복한 여자	neutral
그릇에 유약을 바르려고 준비하는 여자.	유약을 준비하지 않은 여자	contradiction
그릇에 유약을 바르려고 준비하는 여자.	유약을 준비하는 여자	entailment
앞치마를 두른 여성이 컵, 그릇, 냄비, 다양한 크기의 바구니로 가득 찬 테이블 위에 있는 큰 냄비를 검사한다.	장갑을 낀 여자가 설거지를 하고 있다.	contradiction
앞치마를 두른 여성이 컵, 그릇, 냄비, 다양한 크기의 바구니로 가득 찬 테이블 위에 있는 큰 냄비를 검사한다.	빨간 앞치마를 입은 한 여성이 다양한 크기의 컵, 그릇, 냄비, 바구니로 가득 찬 테이블 위에 있는 커다란 검은 냄비를 검사한다.	neutral
앞치마를 두른 여성이 컵, 그릇, 냄비, 다양한 크기의 바구니로 가득 찬 테이블 위에 있는 큰 냄비를 검사한다.	여자가 앞치마를 두르고 있다.	entailment
진짜 여자 축구 선수처럼 보이려고 포즈를 취하고 있는 모델.	한 남자가 요리 쇼를 모델로 하고 있다.	contradiction
진짜 여자 축구 선수처럼 보이려고 포즈를 취하고 있는 모델.	한 여성이 스포츠 잡지를 모델로 삼으려 하고 있다.	neutral
진짜 여자 축구 선수처럼 보이려고 포즈를 취하고 있는 모델.	모델이 촬영을 하고 있다.	entailment
소방관들이 지하철역에서 나온다.	밖에 걸어가는 소방관들	entailment
소방관들이 지하철역에서 나온다.	역은 비어 있다	contradiction
소방관들이 지하철역에서 나온다.	소방관들이 일을 하지 않고 있다	neutral
지쳐 보이는 소방관들이 걷고 있다.	소방관들이 걷고 있다.	entailment
지쳐 보이는 소방관들이 걷고 있다.	지쳐 보이는 소방관들이 휴식을 취하기 위해 소방서로 돌아가고 있다.	neutral
지쳐 보이는 소방관들이 걷고 있다.	결연해 보이는 소방관들이 불타는 건물로 달려가고 있다.	contradiction
소방관 3명, 가장 가까운 소방관이 왼손에 헬멧을 들고 있다.	세 남자가 왼손에 도끼를 들고 있다.	contradiction
소방관 3명, 가장 가까운 소방관이 왼손에 헬멧을 들고 있다.	세 소방관은 스포츠에 대해 토론하고 있다.	neutral
소방관 3명, 가장 가까운 소방관이 왼손에 헬멧을 들고 있다.	소방관 한 명이 헬멧을 들고 있다.	entailment
한 남자가 청소부 옆을 따라 걷고 있다.	그 남자는 청소부들에게 어디로 가야 하는지 지시했다.	neutral
한 남자가 청소부 옆을 따라 걷고 있다.	여자는 선원들과 함께 조깅을 했다.	contradiction
한 남자가 청소부 옆을 따라 걷고 있다.	남자는 선원들과 나란히 걸었다.	entailment
어린 소년이 물속에서 헤엄친다.	한 소년이 물 위에 떠 있다.	contradiction
어린 소년이 물속에서 헤엄친다.	해변에서 수영하는 어린 소년.	neutral
어린 소년이 물속에서 헤엄친다.	수영하는 아이.	entailment
한 운전자가 자갈길에서 포드 차량을 질주하고 있다.	한 남자가 그의 트럭을 주차했다.	contradiction
한 운전자가 자갈길에서 포드 차량을 질주하고 있다.	포드 한 대가 선로를 달리고 있다.	entailment
한 운전자가 자갈길에서 포드 차량을 질주하고 있다.	한 남자가 그의 트럭을 질주하고 있다.	neutral
남자 셋과 여자 한 명이 모두 수영장에 뛰어들고 있다.	사람들이 모두 물 밖으로 기어오르고 있다.	contradiction
남자 셋과 여자 한 명이 모두 수영장에 뛰어들고 있다.	사람들이 모두 물속으로 뛰어들고 있다.	entailment
남자 셋과 여자 한 명이 모두 수영장에 뛰어들고 있다.	사람들은 모두 친구다.	neutral
수영장에서 플라스틱 공룡을 들고 있는 어린 소년.	그 장난감은 방수가 된다.	neutral
수영장에서 플라스틱 공룡을 들고 있는 어린 소년.	론 레인저가 다시 헤엄친다.	contradiction
수영장에서 플라스틱 공룡을 들고 있는 어린 소년.	수영장에 있는 작은 소년이 장난감을 들고 있다.	entailment
장난감을 손에 들고 물속에서 수영하는 어린 소년.	어린 소년이 개를 쫓고 있다.	contradiction
장난감을 손에 들고 물속에서 수영하는 어린 소년.	어린 소년이 수영장 반지를 들고 있다.	neutral
장난감을 손에 들고 물속에서 수영하는 어린 소년.	어린 소년이 물속에 있다.	entailment
흰색 샤이어 셔츠를 입고 증오하는 남자가 로데오를 타고 버킹마를 타고 있다.	남자가 첫 로데오를 타고 있다.	neutral
흰색 샤이어 셔츠를 입고 증오하는 남자가 로데오를 타고 버킹마를 타고 있다.	로데오 광대가 황소를 쫓는다.	contradiction
흰색 샤이어 셔츠를 입고 증오하는 남자가 로데오를 타고 버킹마를 타고 있다.	남자가 말에 매를 맞고 있다.	entailment
안장 브롱크 기수는 안장에서 들어올려지지만, 타는 동안에는 그립을 유지한다.	남자는 동물을 탄다.	entailment
안장 브롱크 기수는 안장에서 들어올려지지만, 타는 동안에는 그립을 유지한다.	남자가 넘어지지 않으려고 애쓰고 있다.	neutral
안장 브롱크 기수는 안장에서 들어올려지지만, 타는 동안에는 그립을 유지한다.	남자가 오토바이를 타고 있다.	contradiction
밀짚모자를 쓴 여자가 코코넛을 옆에 두고 이상한 기계에서 일하고 있다.	한 여성이 코코넛 밀크를 만들기 위해 기계를 사용하고 있다.	neutral
밀짚모자를 쓴 여자가 코코넛을 옆에 두고 이상한 기계에서 일하고 있다.	여자가 소파에 앉아 있다.	contradiction
밀짚모자를 쓴 여자가 코코넛을 옆에 두고 이상한 기계에서 일하고 있다.	여자가 기계에 있다.	entailment
쌀모자를 쓴 남자는 옥수수 셔커를 사용하여 옥수수를 sh고 나무에 둘러싸여 있습니다.	남자가 옥수수 냄비를 끓이고 있다.	contradiction
쌀모자를 쓴 남자는 옥수수 셔커를 사용하여 옥수수를 sh고 나무에 둘러싸여 있습니다.	야채를 가공하는 사람이 있다.	entailment
쌀모자를 쓴 남자는 옥수수 셔커를 사용하여 옥수수를 sh고 나무에 둘러싸여 있습니다.	남자가 커다란 옥수수 더미를 뒤지고 있다.	neutral
중국 밀짚모자를 쓴 여자가 공원으로 보이는 스테인리스 스틸 기계 같은 걸 작동시키고 있어	여자가 공원에서 보석을 만들고 있다.	neutral
중국 밀짚모자를 쓴 여자가 공원으로 보이는 스테인리스 스틸 기계 같은 걸 작동시키고 있어	그 여자는 옷을 꿰매는 기계에 갇힌 작은 아이를 가지고 있다.	contradiction
중국 밀짚모자를 쓴 여자가 공원으로 보이는 스테인리스 스틸 기계 같은 걸 작동시키고 있어	여자는 기계를 들고 야외에 있다.	entailment
길가에 있는 한 여성이 수레에 음식을 만들고 있다.	아이가 반다나를 입고 있다.	contradiction
길가에 있는 한 여성이 수레에 음식을 만들고 있다.	사람이 멕시코 음식을 요리하고 있다.	neutral
길가에 있는 한 여성이 수레에 음식을 만들고 있다.	사람이 요리를 하고 있다.	entailment
파란 반바지를 입고 셔츠도 입지 않은 남자가 아이팟을 들으며 길을 조깅하고 있다.	남자가 파란 셔츠를 입고 있다.	contradiction
파란 반바지를 입고 셔츠도 입지 않은 남자가 아이팟을 들으며 길을 조깅하고 있다.	남자가 달리고 있다.	entailment
파란 반바지를 입고 셔츠도 입지 않은 남자가 아이팟을 들으며 길을 조깅하고 있다.	남자가 헤드폰을 쓰고 있다.	neutral
한 여성을 운동시키는 여성들은 녹색 매트와 검은 옷을 입고 있다.	여자들이 운동을 하고 있다.	entailment
한 여성을 운동시키는 여성들은 녹색 매트와 검은 옷을 입고 있다.	여자들은 둘 다 녹색 옷을 입고 있다.	contradiction
한 여성을 운동시키는 여성들은 녹색 매트와 검은 옷을 입고 있다.	여자들이 요가를 하고 있다.	neutral
수업 환경에서 요가를 연습하는 학생들.	학생들이 초보 요가 수업을 듣고 있다.	neutral
수업 환경에서 요가를 연습하는 학생들.	학생들은 판에서 방정식을 풀었다.	contradiction
수업 환경에서 요가를 연습하는 학생들.	요가 수업이 진행 중이다.	entailment
사람들이 요가 매트 위에서 스트레칭을 하고 있다.	그들은 밖에 있는 요가 매트 위에 쭉 뻗었다.	neutral
사람들이 요가 매트 위에서 스트레칭을 하고 있다.	사람들은 요가 매트를 깔았다.	entailment
사람들이 요가 매트 위에서 스트레칭을 하고 있다.	그들은 자전거를 타고 기지개를 켰다.	contradiction
한 무리의 사람들이 요가를 하고 있다.	사람들이 요가를 하고 있다	entailment
한 무리의 사람들이 요가를 하고 있다.	사람들이 운동을 하고 있다	neutral
한 무리의 사람들이 요가를 하고 있다.	사람들이 자고 있다.	contradiction
두 남자가 보는 동안 오토바이 운전자는 공연을 한다.	두 여자가 유모차를 가지고 걷고 있다.	contradiction
두 남자가 보는 동안 오토바이 운전자는 공연을 한다.	오토바이 운전자를 지켜보는 남자들.	entailment
두 남자가 보는 동안 오토바이 운전자는 공연을 한다.	모터사이클리스트는 연례 경주에서 공연한다.	neutral
그 젊은이는 보도에서 다른 사람들과 함께 기다리고 있다.	소녀들이 나무를 오르고 있다	contradiction
그 젊은이는 보도에서 다른 사람들과 함께 기다리고 있다.	버스 정류장 근처에서 젊은 사람이 다른 사람들과 이야기를 나누고 있다	neutral
그 젊은이는 보도에서 다른 사람들과 함께 기다리고 있다.	한 무리의 사람들이 밖에서 기다리고 있다	entailment
두 사람이 카메라를 향해 포즈를 취하고 있다.	사람들은 사진을 찍기 위해 포즈를 취한다.	entailment
두 사람이 카메라를 향해 포즈를 취하고 있다.	사람들은 가족사진을 찍기 위해 포즈를 취한다.	neutral
두 사람이 카메라를 향해 포즈를 취하고 있다.	두 사람이 소리를 지르고 있다.	contradiction
남자가 풀밭에서 자고 있다.	남자가 잠들기 위해 누워 있다	entailment
남자가 풀밭에서 자고 있다.	남자가 4성급 호텔에 체크인하고 있다	contradiction
남자가 풀밭에서 자고 있다.	그 남자는 집이 없어서 풀밭에서 자고 있다	neutral
흰 개와 갈색 개가 공중으로 뛰어오르고 있다.	흰 개와 갈색 개가 공중에 떠 있다.	entailment
흰 개와 갈색 개가 공중으로 뛰어오르고 있다.	개가 낮잠을 자고 있다.	contradiction
흰 개와 갈색 개가 공중으로 뛰어오르고 있다.	개가 프리스비를 잡고 있다.	neutral
줄 끝에 한 소년이 앉아 있는 다리와 검은 부츠.	어린 소년이 샌드위치를 먹는다.	contradiction
줄 끝에 한 소년이 앉아 있는 다리와 검은 부츠.	한 어린 소년이 가족 사진에서 땅에 앉아 있다.	neutral
줄 끝에 한 소년이 앉아 있는 다리와 검은 부츠.	한 소년이 사람들의 발치에 앉는다.	entailment
푸른 옷을 입은 남자는 대부분 바렌 잔디밭에 누워 있고, 작은 무리의 사람들은 멀리 모여 있다.	남자가 파란색 옷을 입고 있다.	entailment
푸른 옷을 입은 남자는 대부분 바렌 잔디밭에 누워 있고, 작은 무리의 사람들은 멀리 모여 있다.	남자는 피곤하다.	neutral
푸른 옷을 입은 남자는 대부분 바렌 잔디밭에 누워 있고, 작은 무리의 사람들은 멀리 모여 있다.	남자가 술집에서 맥주를 마시고 있다.	contradiction
건물 밖에서 다양한 사람들이 서성거리고 있다.	사람들이 안에서 축구를 하고 있다.	contradiction
건물 밖에서 다양한 사람들이 서성거리고 있다.	사람들은 점심시간에 쉬고 있다.	neutral
건물 밖에서 다양한 사람들이 서성거리고 있다.	한 무리의 사람들이 밖에 서 있다.	entailment
한 어린 소녀가 우산을 들고 길 아래로 두 남자를 따라간다.	사람들이 밖에 있다.	entailment
한 어린 소녀가 우산을 들고 길 아래로 두 남자를 따라간다.	어린 소녀가 말을 타고 있다.	contradiction
한 어린 소녀가 우산을 들고 길 아래로 두 남자를 따라간다.	사람들이 빗속에서 집으로 걸어가고 있다.	neutral
한 여자가 여행가방을 꾸리고 바닥에 있다.	그녀는 짐을 꾸리고 있다.	entailment
한 여자가 여행가방을 꾸리고 바닥에 있다.	소녀가 여행을 떠난다.	neutral
한 여자가 여행가방을 꾸리고 바닥에 있다.	여자가 짐을 풀고 서 있다.	contradiction
파란색과 노란색 격자무늬 의상에 파란색 모자를 쓴 어린 소녀가 오솔길을 따라 달리고 있다.	소녀가 오솔길을 달리고 있다.	entailment
파란색과 노란색 격자무늬 의상에 파란색 모자를 쓴 어린 소녀가 오솔길을 따라 달리고 있다.	한 소년이 오솔길에서 하이킹을 하고 있다.	contradiction
파란색과 노란색 격자무늬 의상에 파란색 모자를 쓴 어린 소녀가 오솔길을 따라 달리고 있다.	한 소녀가 오솔길에서 내리막길을 달리고 있다.	neutral
파란 모자를 쓴 채 흙, 바위, 풀길을 걷고 있는 어린 소녀는 배낭을 메고 우산을 들고 있는 두 사람 뒤로 여러 걸음 뒤쳐져 있다.	세 사람이 길을 따라 걷고 있다.	entailment
파란 모자를 쓴 채 흙, 바위, 풀길을 걷고 있는 어린 소녀는 배낭을 메고 우산을 들고 있는 두 사람 뒤로 여러 걸음 뒤쳐져 있다.	두 사람이 길을 걷고 있다.	contradiction
파란 모자를 쓴 채 흙, 바위, 풀길을 걷고 있는 어린 소녀는 배낭을 메고 우산을 들고 있는 두 사람 뒤로 여러 걸음 뒤쳐져 있다.	폭풍이 오기 전에 세 사람이 집으로 돌아가려고 길을 걷고 있다.	neutral
금발의 여자가 여행가방에서 의료용품을 찾고 있다.	금발의 여자가 여행가방에서 물건을 찾는다.	entailment
금발의 여자가 여행가방에서 의료용품을 찾고 있다.	금발의 한 여성이 여행가방에서 일할 의료용품을 찾는다.	neutral
금발의 여자가 여행가방에서 의료용품을 찾고 있다.	갈색머리 여자가 비행기에 탑승하기 전에 여행가방을 점검한다.	contradiction
베이지색 셔츠와 청바지를 입은 여자가 여행가방을 바쁘게 채우는 동안 깔끔하게 접힌 옷가지들이 이 바닥의 대부분을 덮고 있다.	여자가 여행을 위해 짐을 꾸리고 있다.	neutral
베이지색 셔츠와 청바지를 입은 여자가 여행가방을 바쁘게 채우는 동안 깔끔하게 접힌 옷가지들이 이 바닥의 대부분을 덮고 있다.	한 남자가 골프채를 싸고 있다.	contradiction
베이지색 셔츠와 청바지를 입은 여자가 여행가방을 바쁘게 채우는 동안 깔끔하게 접힌 옷가지들이 이 바닥의 대부분을 덮고 있다.	여자가 여행가방을 채우고 있다.	entailment
한 젊은 여성이 검은 여행가방에 소지품을 챙긴다.	한 젊은이가 소지품을 검은 쓰레기봉투에 챙긴다.	contradiction
한 젊은 여성이 검은 여행가방에 소지품을 챙긴다.	한 젊은 여성이 소지품을 블랙박스에 뿌린다.	neutral
한 젊은 여성이 검은 여행가방에 소지품을 챙긴다.	한 젊은 여성이 검은 짐 운반선에 소지품을 챙긴다.	entailment
사람들은 산으로 긴 산책을 간다.	사람들이 큰 무리를 지어 걷고 있다.	neutral
사람들은 산으로 긴 산책을 간다.	사람들이 산을 향해 달려가고 있다.	contradiction
사람들은 산으로 긴 산책을 간다.	사람들이 야외에서 걷고 있다.	entailment
길거리에서 쉬고 있는 남자.	거리에 앉아 있는 남자.	neutral
길거리에서 쉬고 있는 남자.	길에서 조깅하는 남자.	contradiction
길거리에서 쉬고 있는 남자.	길거리에서 쉬고 있는 남자.	entailment
의상을 입은 여자가 큰 북을 들고 행진하고 있다.	고등학교 동창 행진 밴드가 행진하고 있다.	neutral
의상을 입은 여자가 큰 북을 들고 행진하고 있다.	드럼 아가씨는 버스를 운전한다.	contradiction
의상을 입은 여자가 큰 북을 들고 행진하고 있다.	그녀는 밴드에서 연주한다.	entailment
한 여성이 그를 향해 걸어갈 때, 도시 거리에서 바퀴가 달린 신선한 직통 상자를 차에 싣고 다니는 남자.	누군가가 도시 환경에서 꾸러미를 토팅하고 있다.	entailment
한 여성이 그를 향해 걸어갈 때, 도시 거리에서 바퀴가 달린 신선한 직통 상자를 차에 싣고 다니는 남자.	한 젊은 청년이 도시에서 자전거로 식료품을 배달한다.	contradiction
한 여성이 그를 향해 걸어갈 때, 도시 거리에서 바퀴가 달린 신선한 직통 상자를 차에 싣고 다니는 남자.	한 남자가 도시의 폐쇄된 노인들에게 식료품을 배달한다.	neutral
오토바이 운전자는 앞바퀴를 돌린다.	바퀴달린 남자	neutral
오토바이 운전자는 앞바퀴를 돌린다.	추락한 오토바이 옆에 서 있는 남자	contradiction
오토바이 운전자는 앞바퀴를 돌린다.	바퀴 달린 오토바이 운전자	entailment
길가의 스쿠터에 앉아 있는 남자.	한 남자가 스쿠터를 고칠 사람을 기다리고 있다.	neutral
길가의 스쿠터에 앉아 있는 남자.	한 남자가 거리 근처에 있다.	entailment
길가의 스쿠터에 앉아 있는 남자.	남자가 바에서 휴식을 취하고 있다.	contradiction
담배를 피우기 위해 자전거를 타고 보도에서 멈추는 남자.	남자가 농구를 하고 있다.	contradiction
담배를 피우기 위해 자전거를 타고 보도에서 멈추는 남자.	남자가 서 있다.	entailment
담배를 피우기 위해 자전거를 타고 보도에서 멈추는 남자.	남자가 담배에 불을 붙이고 있다.	neutral
한 남자가 보도 위의 오토바이에 앉아 있다.	한 남자가 오토바이에 앉아 있다.	entailment
한 남자가 보도 위의 오토바이에 앉아 있다.	한 남자가 오토바이에 앉아 차를 몰고 가버린다.	neutral
한 남자가 보도 위의 오토바이에 앉아 있다.	검은 옷을 입은 남자가 일요일에 고양이와 놀고 있다.	contradiction
남자는 주차된 스쿠터에 앉아 담배를 피운다.	한 남자가 스쿠터에 앉아 담배를 피운다.	neutral
남자는 주차된 스쿠터에 앉아 담배를 피운다.	남자는 차에 앉아 맥주를 마신다.	contradiction
남자는 주차된 스쿠터에 앉아 담배를 피운다.	남자가 스쿠터에 앉아 뭔가를 피우고 있다.	entailment
인도에 있는 남자가 오토바이에 앉아 있다.	오토바이를 탄 남자	neutral
인도에 있는 남자가 오토바이에 앉아 있다.	보도 위의 오토바이에 앉아 있는 남자	entailment
인도에 있는 남자가 오토바이에 앉아 있다.	차를 운전하는 남자	contradiction
검은색, 버건디, 흰색 옷을 입은 커플이 춤을 춘다.	여자는 혼자 춤을 추었다.	contradiction
검은색, 버건디, 흰색 옷을 입은 커플이 춤을 춘다.	그 커플은 춤을 추었다.	entailment
검은색, 버건디, 흰색 옷을 입은 커플이 춤을 춘다.	그 커플은 그 대회에서 춤을 추었다.	neutral
주황색 조끼와 노란색 줄무늬가 있는 파란색 바지를 입은 사람들이 경주의 시작을 기다리고 있다.	사람들은 자선단체에 출마하고 있다.	neutral
주황색 조끼와 노란색 줄무늬가 있는 파란색 바지를 입은 사람들이 경주의 시작을 기다리고 있다.	주자들은 올림픽 경기를 시작하기를 기다렸다	neutral
주황색 조끼와 노란색 줄무늬가 있는 파란색 바지를 입은 사람들이 경주의 시작을 기다리고 있다.	분홍색과 보라색 옷을 입은 사람들은 경주를 준비한다.	contradiction
주황색 조끼와 노란색 줄무늬가 있는 파란색 바지를 입은 사람들이 경주의 시작을 기다리고 있다.	밝은 팀 유니폼을 입은 사람들이 경주의 시작을 의미하는 권총을 기다리고 있다.	neutral
주황색 조끼와 노란색 줄무늬가 있는 파란색 바지를 입은 사람들이 경주의 시작을 기다리고 있다.	사람들이 요리를 하고 있다.	contradiction
주황색 조끼와 노란색 줄무늬가 있는 파란색 바지를 입은 사람들이 경주의 시작을 기다리고 있다.	오렌지색 조끼를 입은 사람들은 1등을 하기 위한 경주의 시작을 기다리고 있다.	neutral
주황색 조끼와 노란색 줄무늬가 있는 파란색 바지를 입은 사람들이 경주의 시작을 기다리고 있다.	사람들은 경주가 시작되기를 기다린다.	entailment
주황색 조끼와 노란색 줄무늬가 있는 파란색 바지를 입은 사람들이 경주의 시작을 기다리고 있다.	기다리는 사람들은 경주의 일부이다.	neutral
주황색 조끼와 노란색 줄무늬가 있는 파란색 바지를 입은 사람들이 경주의 시작을 기다리고 있다.	운동선수가 산에서 뒷걸음질치다	contradiction
주황색 조끼와 노란색 줄무늬가 있는 파란색 바지를 입은 사람들이 경주의 시작을 기다리고 있다.	오렌지색 조끼를 입은 사람들이 시작한 경주에서 경주를 하고 있다.	contradiction
주황색 조끼와 노란색 줄무늬가 있는 파란색 바지를 입은 사람들이 경주의 시작을 기다리고 있다.	오렌지색 조끼를 입은 사람들은 경주의 시작을 기다린다.	entailment
주황색 조끼와 노란색 줄무늬가 있는 파란색 바지를 입은 사람들이 경주의 시작을 기다리고 있다.	사람들은 화려한 옷을 입고 있다	entailment
주황색 조끼와 노란색 줄무늬가 있는 파란색 바지를 입은 사람들이 경주의 시작을 기다리고 있다.	사람들이 지옥을 뒤지고 있다.	contradiction
주황색 조끼와 노란색 줄무늬가 있는 파란색 바지를 입은 사람들이 경주의 시작을 기다리고 있다.	사람들이 경주를 기다리고 있다.	entailment
주황색 조끼와 노란색 줄무늬가 있는 파란색 바지를 입은 사람들이 경주의 시작을 기다리고 있다.	주자들은 경주를 시작하기를 기다렸다	entailment
카펫이 깔린 바닥에서 춤을 추는 젊은 남자와 젊은 아가씨가 배경의 큰 화면에 영화 토이 스토리의 사진을 담았다.	그들은 배경에서 영화가 매우 시끄럽다.	neutral
카펫이 깔린 바닥에서 춤을 추는 젊은 남자와 젊은 아가씨가 배경의 큰 화면에 영화 토이 스토리의 사진을 담았다.	사람들이 보도에서 춤을 춘다.	contradiction
카펫이 깔린 바닥에서 춤을 추는 젊은 남자와 젊은 아가씨가 배경의 큰 화면에 영화 토이 스토리의 사진을 담았다.	두 사람이 춤을 추고 있다.	entailment
스키 선수는 노란색 점프슈트를 입고 노란색 레일을 가로질러 미끄러지고 있다.	그 스키 선수는 경쟁 중이다.	neutral
스키 선수는 노란색 점프슈트를 입고 노란색 레일을 가로질러 미끄러지고 있다.	스키 선수가 점프슈트를 입고 있다.	entailment
스키 선수는 노란색 점프슈트를 입고 노란색 레일을 가로질러 미끄러지고 있다.	스케이트보드는 파란색 점프슈트를 입고 있다.	contradiction
J.P.모건 체이스가 보안과 함께 개최한 트랙 이벤트.	J.P.모건 체이스는 트랙 이벤트를 열었다.	entailment
J.P.모건 체이스가 보안과 함께 개최한 트랙 이벤트.	트랙 이벤트에 보안이 없습니다.	contradiction
J.P.모건 체이스가 보안과 함께 개최한 트랙 이벤트.	경호원들이 트랙 행사에서 무기를 찾고 있다.	neutral
댄스 의상을 입고 춤을 추는 두 사람.	커플이 함께 춤을 추고 있다.	neutral
댄스 의상을 입고 춤을 추는 두 사람.	사람들이 움직이고 있다.	entailment
댄스 의상을 입고 춤을 추는 두 사람.	두 사람이 저녁을 먹고 있다.	contradiction
말을 탄 영국 농부가 마차를 끌고 갔다.	한 농부가 야외에 누워 있다	contradiction
말을 탄 영국 농부가 마차를 끌고 갔다.	마차를 탄 농부가 있다	entailment
말을 탄 영국 농부가 마차를 끌고 갔다.	야외에서 마차를 타고 있는 농부가 있다	neutral
해가 지는 동안 어린이 축구 경기가 열린다.	해가 지는 동안 축구를 하는 노인들.	contradiction
해가 지는 동안 어린이 축구 경기가 열린다.	해가 지는 동안 축구를 하는 아이들.	entailment
해가 지는 동안 어린이 축구 경기가 열린다.	해가 지는 동안 축구를 하는 소녀들.	neutral
해질녘에 완벽하게 매니큐어 처리된 들판에서 파란색 팀과 빨간색 팀이 하는 축구 경기.	아무도 축구를 하지 않는다.	contradiction
해질녘에 완벽하게 매니큐어 처리된 들판에서 파란색 팀과 빨간색 팀이 하는 축구 경기.	사람들이 대회를 위해 축구를 하고 있다.	neutral
해질녘에 완벽하게 매니큐어 처리된 들판에서 파란색 팀과 빨간색 팀이 하는 축구 경기.	사람들이 축구를 하고 있다.	entailment
두 축구팀이 축구장에서 경쟁하고 있다.	두 명의 숙련된 축구팀이 우승을 위해 서로 경쟁하고 있다.	neutral
두 축구팀이 축구장에서 경쟁하고 있다.	축구 경기가 있다.	entailment
두 축구팀이 축구장에서 경쟁하고 있다.	두 야구팀이 경쟁하고 있다.	contradiction
축구팀은 한 줄의 나무 뒤로 해가 질 때 들판에서 경기를 한다.	축구팀들이 야외에서 경쟁하고 있다.	entailment
축구팀은 한 줄의 나무 뒤로 해가 질 때 들판에서 경기를 한다.	축구팀이 아이스링크에서 축구팀과 하키를 하고 있다.	contradiction
축구팀은 한 줄의 나무 뒤로 해가 질 때 들판에서 경기를 한다.	축구팀이 축구 경기에서 이기려고 한다.	neutral
음식을 준비하는 두 남자.	두 남자가 자전거를 탄다.	contradiction
음식을 준비하는 두 남자.	앞치마를 입은 두 남자.	neutral
음식을 준비하는 두 남자.	음식을 대접하는 두 남자.	entailment
해질녘에 벌어지는 축구 경기.	스포츠 경기가 열리고 있다	entailment
해질녘에 벌어지는 축구 경기.	월드컵이 열리고 있다	neutral
해질녘에 벌어지는 축구 경기.	해가 뜨면 농구 경기가 열린다	contradiction
갈색과 회색 줄무늬 후드티를 입은 백인 어린 아이가 공원에서 놀고 있다.	어린 아이가 침실에서 비디오 게임을 하고 있다.	contradiction
갈색과 회색 줄무늬 후드티를 입은 백인 어린 아이가 공원에서 놀고 있다.	한 아이가 공원에서 논다.	entailment
갈색과 회색 줄무늬 후드티를 입은 백인 어린 아이가 공원에서 놀고 있다.	한 어린 소년이 친구들과 공원에서 태그를 하고 있다.	neutral
갈색 바지를 입은 어린 소년이 공원에서 밧줄을 타고 놀고 있다.	갈색 바지를 입은 어린 소년이 있다.	entailment
갈색 바지를 입은 어린 소년이 공원에서 밧줄을 타고 놀고 있다.	빨간 바지를 입은 어린 소녀가 있다.	contradiction
갈색 바지를 입은 어린 소년이 공원에서 밧줄을 타고 놀고 있다.	갈색을 좋아하는 어린 소년이 있다.	neutral
줄무늬 스웨터를 입은 토들러는 운동장에서 밧줄을 타고 논다.	아이는 학교에서 휴식을 취한다.	neutral
줄무늬 스웨터를 입은 토들러는 운동장에서 밧줄을 타고 논다.	아이가 낮잠을 자고 있다.	contradiction
줄무늬 스웨터를 입은 토들러는 운동장에서 밧줄을 타고 논다.	한 아이가 놀이터에서 논다.	entailment
분홍색 모자를 쓴 한 여성이 트럭이 열린 채 분홍색 차를 보고 있다.	여자가 옷을 입고 있다.	entailment
분홍색 모자를 쓴 한 여성이 트럭이 열린 채 분홍색 차를 보고 있다.	여자는 차를 열어둔 것이 아닌가 하고 생각하고 있다.	neutral
분홍색 모자를 쓴 한 여성이 트럭이 열린 채 분홍색 차를 보고 있다.	여자는 차에 식료품 가방을 차고 있다.	contradiction
파란 셔츠를 입은 남자가 고개를 들고 있다.	파란 셔츠를 입은 남자가 개를 올려다보고 있다.	neutral
파란 셔츠를 입은 남자가 고개를 들고 있다.	빨간 셔츠를 입은 남자가 고개를 들고 있다.	contradiction
파란 셔츠를 입은 남자가 고개를 들고 있다.	사람이 고개를 든다.	entailment
놀이기구를 타고 즐기는 세 소녀.	세 명의 소녀가 있다	entailment
놀이기구를 타고 즐기는 세 소녀.	그 소녀들은 집에 있다	contradiction
놀이기구를 타고 즐기는 세 소녀.	그 소녀들은 놀이공원을 좋아한다	neutral
월마트 체크아웃에 있는 여자는 직원에게 식료품을 싸게 했다.	그 여자는 건강에 좋지 않은 음식을 샀다	neutral
월마트 체크아웃에 있는 여자는 직원에게 식료품을 싸게 했다.	여자가 목표에 있다	contradiction
월마트 체크아웃에 있는 여자는 직원에게 식료품을 싸게 했다.	한 여성이 월마트에 있다	entailment
갈색 개가 물속을 밟는다.	갈색 개가 물 옆에서 자고 있다	contradiction
갈색 개가 물속을 밟는다.	갈색 개는 물에 흠뻑 젖으면서 물을 밟는다.	entailment
갈색 개가 물속을 밟는다.	갈색 개는 해안을 향해 헤엄치면서 물을 밟는다.	neutral
한 여성이 월마트에서 체크아웃을 할 때 아이들과 함께 기다리고 있다.	한 여자가 타겟의 카운터에 서 있다.	contradiction
한 여성이 월마트에서 체크아웃을 할 때 아이들과 함께 기다리고 있다.	한 여자가 계산대에서 아이들과 함께 있다.	entailment
한 여성이 월마트에서 체크아웃을 할 때 아이들과 함께 기다리고 있다.	여자는 세 아이를 데리고 있다.	neutral
두 아이를 둔 금발 여성이 월마트 등록부에 체크아웃하고 있다.	한 어머니가 월마트에서 두 자녀와 함께 음식을 사고 있다.	neutral
두 아이를 둔 금발 여성이 월마트 등록부에 체크아웃하고 있다.	음식은 사람들을 배고프게 만듭니다	contradiction
두 아이를 둔 금발 여성이 월마트 등록부에 체크아웃하고 있다.	한 어머니가 두 자녀와 함께 월마트에 있다	entailment
빨래방에 앉아 카메라를 보고 있는 여자.	원숭이가 바나나를 먹고 있다.	contradiction
빨래방에 앉아 카메라를 보고 있는 여자.	한 여성이 카메라를 위한 기구를 모델링하고 있다.	neutral
빨래방에 앉아 카메라를 보고 있는 여자.	방에 여자가 있다.	entailment
한 어린 소년이 임시 보트를 타고 물 위를 노를 젓는다.	한 소년이 연못에서 보트를 타고 있다.	neutral
한 어린 소년이 임시 보트를 타고 물 위를 노를 젓는다.	한 소년이 보트에 타고 있다.	entailment
한 어린 소년이 임시 보트를 타고 물 위를 노를 젓는다.	한 소년이 수영을 하고 있다.	contradiction
야구 선수가 야구공을 던지려고 한다.	야구공이 공을 던지고 있다	neutral
야구 선수가 야구공을 던지려고 한다.	야구 선수가 공을 치기 위해 스윙을 하고 있다.	entailment
야구 선수가 야구공을 던지려고 한다.	야구공이 깨졌다	contradiction
개 한 마리가 해변을 따라 지퍼를 올린다.	개가 해변에서 공을 쫓고 있다.	neutral
개 한 마리가 해변을 따라 지퍼를 올린다.	개가 거실에서 자고 있다.	contradiction
개 한 마리가 해변을 따라 지퍼를 올린다.	개가 밖에 있다.	entailment
하얀 개가 바위가 많은 해안선을 따라 달린다.	개가 집에서 계단을 뛰어 올라가고 있다.	contradiction
하얀 개가 바위가 많은 해안선을 따라 달린다.	개가 주인과 함께 밖에서 달리고 있다.	neutral
하얀 개가 바위가 많은 해안선을 따라 달린다.	개가 밖으로 달려 나가고 있다.	entailment
흐릿한 하얀 무릎 개가 바위투성이의 해변을 따라 달린다.	개가 해변을 가로질러 달린다.	entailment
흐릿한 하얀 무릎 개가 바위투성이의 해변을 따라 달린다.	개가 해변에서 새를 쫓는다.	neutral
흐릿한 하얀 무릎 개가 바위투성이의 해변을 따라 달린다.	개 한 마리가 소파의 담요 아래에서 몸을 웅크리고 있다.	contradiction
자갈이 덮인 해변을 달리는 작은 하얀 개.	해변에 있는 개.	entailment
자갈이 덮인 해변을 달리는 작은 하얀 개.	부두에 있는 갈매기.	contradiction
자갈이 덮인 해변을 달리는 작은 하얀 개.	개 한 마리가 그의 아들과 프리스비를 뒤쫓는다.	neutral
야구 선수가 공을 던지는 데 전력을 다하고 있다.	선수가 공을 내주고 있다	neutral
야구 선수가 공을 던지는 데 전력을 다하고 있다.	투수가 공을 휘감고 있다	entailment
야구 선수가 공을 던지는 데 전력을 다하고 있다.	그 선수는 축구공을 던졌다	contradiction
치어리더들이 경기장에서 환호하고 있다.	치어리더들이 파란색 옷을 입고 있다.	neutral
치어리더들이 경기장에서 환호하고 있다.	빈 들판.	contradiction
치어리더들이 경기장에서 환호하고 있다.	어떤 사람들은 들판에서 환호하고 있다.	entailment
치어리더들이 경기장에서 환호하고 있다.	치어리더들이 경기가 시작되기를 기다리고 있다.	neutral
치어리더들이 경기장에서 환호하고 있다.	그 축구선수는 총알 패스로 치어리더를 죽였다.	contradiction
치어리더들이 경기장에서 환호하고 있다.	댈러스 카우보이들의 치어리더들은 군중을 끌어올리려고 노력하고 있다.	neutral
치어리더들이 경기장에서 환호하고 있다.	야외에는 사람들이 있다.	entailment
치어리더들이 경기장에서 환호하고 있다.	치어리더들은 경기장에서 활동을 응원한다.	entailment
치어리더들이 경기장에서 환호하고 있다.	사람들이 환호하고 있다.	entailment
치어리더들이 경기장에서 환호하고 있다.	사람들은 눈 덮인 벤치에 앉는다.	contradiction
치어리더들이 경기장에서 환호하고 있다.	치어리더들이 환호하고 있다.	entailment
치어리더들이 경기장에서 환호하고 있다.	몇몇 축구 선수들은 달리기 경기를 연습하고 있다.	contradiction
치어리더들이 경기장에서 환호하고 있다.	치어리더들은 큰 경기의 시작을 응원한다.	neutral
치어리더들이 경기장에서 환호하고 있다.	치어리더들은 축구팀을 응원한다.	neutral
치어리더들이 경기장에서 환호하고 있다.	기저귀를 차고 있는 노인.	contradiction
붐박스를 들고 있는 여자.	붐박스를 들고 있는 남자.	contradiction
붐박스를 들고 있는 여자.	붐박스를 들고 있는 슬픈 여자.	neutral
붐박스를 들고 있는 여자.	붐박스를 들고 있는 사람.	entailment
파란 셔츠에 초록색 모자를 쓴 여자가 카메라를 올려다본다.	파란 셔츠와 초록색 모자를 쓴 여자가 카메라를 본다.	entailment
파란 셔츠에 초록색 모자를 쓴 여자가 카메라를 올려다본다.	파란색 셔츠와 초록색 모자를 쓴 여성이 카메라를 향해 미소를 짓고 있다.	neutral
파란 셔츠에 초록색 모자를 쓴 여자가 카메라를 올려다본다.	파란 셔츠와 초록색 모자를 쓴 여자가 휴대폰에 있다.	contradiction
치어리더들이 축구장에서 환호하고 있다.	치어리더들은 검은색과 빨간색 유니폼을 입고 있다.	neutral
치어리더들이 축구장에서 환호하고 있다.	치어리더들이 옷을 입고 있다.	entailment
치어리더들이 축구장에서 환호하고 있다.	치어리더들이 농구 경기장에 있다.	contradiction
흥분하고 웃는 여자가 한쪽에 붐박스를 들고 있을 때 빨간 난간에 서 있다.	인간의 지위.	entailment
흥분하고 웃는 여자가 한쪽에 붐박스를 들고 있을 때 빨간 난간에 서 있다.	키가 큰 인간 스타닌드.	neutral
흥분하고 웃는 여자가 한쪽에 붐박스를 들고 있을 때 빨간 난간에 서 있다.	아무도 서 있지 않다.	contradiction
여자가 파란 셔츠를 입고 무릎을 꿇고 있다.	여자가 바닥에 바짝 붙어 있다.	entailment
여자가 파란 셔츠를 입고 무릎을 꿇고 있다.	한 아가씨가 교회에서 신부 앞에 무릎을 꿇고 있다.	neutral
여자가 파란 셔츠를 입고 무릎을 꿇고 있다.	여자가 밖에서 점프 잭을 하고 있다.	contradiction
벽 앞에 있는 세 사람의 실루엣.	사람들이 벽 옆에 있다.	entailment
벽 앞에 있는 세 사람의 실루엣.	사람들이 시골길을 달리고 있다.	contradiction
벽 앞에 있는 세 사람의 실루엣.	벽면이 도장된다.	neutral
파란 옷을 입은 두 사람이 옆에서 손짓을 하고 있다.	남자와 여자가 나란히 서서 수화를 통해 소통하고 있다.	neutral
파란 옷을 입은 두 사람이 옆에서 손짓을 하고 있다.	한 남자가 주머니에 손을 넣고 앉아 있다.	contradiction
파란 옷을 입은 두 사람이 옆에서 손짓을 하고 있다.	두 사람이 나란히 있다.	entailment
얼룩무늬 흑백 개가 물속에서 튀는다.	개가 물속에 있다	entailment
얼룩무늬 흑백 개가 물속에서 튀는다.	개가 혼자서 헤엄치고 있다	neutral
얼룩무늬 흑백 개가 물속에서 튀는다.	개가 부엌에서 가장 좋아하는 그릇을 먹고 있다	contradiction
분홍색 셔츠를 입은 커다란 무리가 구경꾼들에게 손을 흔들었다.	군중이 손짓을 한다.	entailment
분홍색 셔츠를 입은 커다란 무리가 구경꾼들에게 손을 흔들었다.	그들은 돈을 모으고 있다.	neutral
분홍색 셔츠를 입은 커다란 무리가 구경꾼들에게 손을 흔들었다.	아무도 그들을 보고 있지 않다.	contradiction
아기가 구슬 한 가닥을 가지고 놀고 있다.	구슬은 다색이다.	neutral
아기가 구슬 한 가닥을 가지고 놀고 있다.	아기가 자고 있다.	contradiction
아기가 구슬 한 가닥을 가지고 놀고 있다.	아기가 놀고 있다.	entailment
사람들이 무대에서 공연을 하고 있다.	사람들이 자고 있다	contradiction
사람들이 무대에서 공연을 하고 있다.	사람들이 무대 위에서 노래를 부르고 있다	neutral
사람들이 무대에서 공연을 하고 있다.	여드름이 무대에 있다	entailment
한 여성이 공원에서 마라톤을 하고 있다.	여자가 뒷마당에서 달리고 있다.	contradiction
한 여성이 공원에서 마라톤을 하고 있다.	여자가 빠르게 달리고 있다.	neutral
한 여성이 공원에서 마라톤을 하고 있다.	여자가 야외에 있다.	entailment
한 무리의 사람들이 어떤 종류의 행동을 하는 동안 앞을 가리키고 있다.	한 무리의 사람들이 무언가를 하는 동안 앞을 가리킨다.	entailment
한 무리의 사람들이 어떤 종류의 행동을 하는 동안 앞을 가리키고 있다.	한 무리의 사람들이 호랑이를 이용해 싸운다.	contradiction
한 무리의 사람들이 어떤 종류의 행동을 하는 동안 앞을 가리키고 있다.	한 무리의 사람들이 말하는 동안 어딘가를 가리킨다.	neutral
몇몇 사람들이 동시에 춤을 추고 있다.	아이들이 서로 싸우고 있다.	contradiction
몇몇 사람들이 동시에 춤을 추고 있다.	남녀가 함께 춤을 춘다.	neutral
몇몇 사람들이 동시에 춤을 추고 있다.	사람들이 춤을 추고 있다.	entailment
춤추는 사람들 무리	사람들이 함께 춤을 춘다	entailment
춤추는 사람들 무리	사람들은 종교 의식 중에 서로 춤을 추고 있다	neutral
춤추는 사람들 무리	개들이 짝짓기를 하고 있다	contradiction
성인 부부는 뜨거운 욕조에서 시간을 즐긴다.	한 커플이 안에서 TV를 보고 있다.	contradiction
성인 부부는 뜨거운 욕조에서 시간을 즐긴다.	커플이 뜨거운 욕조에 있다.	entailment
성인 부부는 뜨거운 욕조에서 시간을 즐긴다.	커플이 바깥의 뜨거운 욕조에 있다.	neutral
평균적으로 보이는 남자가 기타를 치고 있다.	그 남자는 기타를 칠 줄 안다.	entailment
평균적으로 보이는 남자가 기타를 치고 있다.	그 남자는 기타를 잘 칠 수 있다.	neutral
평균적으로 보이는 남자가 기타를 치고 있다.	남자가 드럼을 치고 있다.	contradiction
황갈색과 흰색 개 두 마리와 물 근처 해변을 질주하는 황갈색 개 한 마리.	세 마리의 개가 공을 쫓고 있다	neutral
황갈색과 흰색 개 두 마리와 물 근처 해변을 질주하는 황갈색 개 한 마리.	세 마리의 개가 밖에 있다	entailment
황갈색과 흰색 개 두 마리와 물 근처 해변을 질주하는 황갈색 개 한 마리.	세 마리의 개가 소파에 누워 있다	contradiction
한 남녀가 손을 잡고 거리를 걷고 있다.	한 남자와 여자가 길 반대편으로 걸어가고 있다.	contradiction
한 남녀가 손을 잡고 거리를 걷고 있다.	두어 사람이 걸으면서 손을 잡고 있다.	entailment
한 남녀가 손을 잡고 거리를 걷고 있다.	신혼부부가 손을 잡고 길을 건너뛰었다.	neutral
한 남자가 책상에 앉아 컴퓨터를 사용하고 있다.	한 남자가 앉아서 인터넷을 검색한다.	neutral
한 남자가 책상에 앉아 컴퓨터를 사용하고 있다.	한 여자가 책상에서 맥주를 마신다.	contradiction
한 남자가 책상에 앉아 컴퓨터를 사용하고 있다.	한 남자가 책상에 앉아 있다.	entailment
한 카메라 제작진이 공원 한복판에 있는 담요 위에 앉아 격식을 차린 두 여성을 촬영하고 있다.	누군가가 촬영하고 있다.	entailment
한 카메라 제작진이 공원 한복판에 있는 담요 위에 앉아 격식을 차린 두 여성을 촬영하고 있다.	정장을 입은 사람들은 모두 안에 있다.	contradiction
한 카메라 제작진이 공원 한복판에 있는 담요 위에 앉아 격식을 차린 두 여성을 촬영하고 있다.	누군가가 마이크를 작동시키고 있다.	neutral
혼자 체스 게임을 하고 앉아 있는 남자	혼자서 보드 게임을 하는 남자.	entailment
혼자 체스 게임을 하고 앉아 있는 남자	남자가 졸고 있다.	contradiction
혼자 체스 게임을 하고 앉아 있는 남자	혼자 체스 한 게임을 하고 앉아 있는 인간.	neutral
뒤에 있는 두 남자로 달리는 젊은 여자가 그녀를 따라잡으려고 한다.	달리기 선수단	entailment
뒤에 있는 두 남자로 달리는 젊은 여자가 그녀를 따라잡으려고 한다.	여자는 목숨을 걸고 달려간다	neutral
뒤에 있는 두 남자로 달리는 젊은 여자가 그녀를 따라잡으려고 한다.	여자들은 두 남자와 커피를 마신다	contradiction
파란 셔츠를 입은 남자가 체스판을 앞에 펼쳐놓고 밖에 혼자 앉아 있다.	파란 셔츠를 입은 남자가 커다란 나무 체스판 뒤에 앉아 있었다.	neutral
파란 셔츠를 입은 남자가 체스판을 앞에 펼쳐놓고 밖에 혼자 앉아 있다.	누군가가 체스판 뒤에 앉아 있다.	entailment
파란 셔츠를 입은 남자가 체스판을 앞에 펼쳐놓고 밖에 혼자 앉아 있다.	스크래블을 하는 두 노인.	contradiction
파란색 셔츠와 반바지를 입은 남자가 체스에서 검은색을 연주하면서 테이블에 앉아 있다.	두 남자가 체스를 두고 있다	neutral
파란색 셔츠와 반바지를 입은 남자가 체스에서 검은색을 연주하면서 테이블에 앉아 있다.	남자가 조깅을 하고 있다	contradiction
파란색 셔츠와 반바지를 입은 남자가 체스에서 검은색을 연주하면서 테이블에 앉아 있다.	남자가 게임을 하고 있다	entailment
파란 블레이저와 반바지를 입은 젊은이가 체스 게임을 차린 채 테이블 앞에 혼자 앉아 있다.	한 남자가 체스 게임 앞에 앉아 있다.	entailment
파란 블레이저와 반바지를 입은 젊은이가 체스 게임을 차린 채 테이블 앞에 혼자 앉아 있다.	한 남자가 체스 상대가 도착하기를 기다리고 있다.	neutral
파란 블레이저와 반바지를 입은 젊은이가 체스 게임을 차린 채 테이블 앞에 혼자 앉아 있다.	한 할머니가 로터리 클럽 회의에서 4번 커넥트 게임을 한다.	contradiction
한 젊은 아시아 남자가 세트 체스판 뒤에 앉아 다른 선수가 도착하기를 기다리고 있다.	젊은 남자가 앉아 있다.	entailment
한 젊은 아시아 남자가 세트 체스판 뒤에 앉아 다른 선수가 도착하기를 기다리고 있다.	한 젊은이가 화성에 있다.	contradiction
한 젊은 아시아 남자가 세트 체스판 뒤에 앉아 다른 선수가 도착하기를 기다리고 있다.	한 젊은이가 실내에 있다.	neutral
두 젊은이가 낙서된 벽에 기대어 맥주를 마신다.	남자들이 술을 마시고 있다.	entailment
두 젊은이가 낙서된 벽에 기대어 맥주를 마신다.	남자들이 골목에서 술에 취해 기절하는 동안 페인트 캔을 뿌리고 있다.	contradiction
두 젊은이가 낙서된 벽에 기대어 맥주를 마신다.	남자들이 소변을 보고 서 있다.	neutral
위험에 처한 후 안전한 곳으로 공수되는 남자.	헬리콥터가 사람들을 위험에 빠뜨리고 있다.	neutral
위험에 처한 후 안전한 곳으로 공수되는 남자.	한 남자가 움직이고 있다.	entailment
위험에 처한 후 안전한 곳으로 공수되는 남자.	헬리콥터가 사람들을 위험한 지역에 배치하고 있다.	contradiction
회의장에 있는 사람들은 오렌지색 셔츠를 입은 연사에게 주의를 기울인다.	사람들은 CD 플레이어로 음악을 듣고 있다.	contradiction
회의장에 있는 사람들은 오렌지색 셔츠를 입은 연사에게 주의를 기울인다.	사람들이 연사의 말을 듣고 있다.	entailment
회의장에 있는 사람들은 오렌지색 셔츠를 입은 연사에게 주의를 기울인다.	연설자는 국민의 상사이다.	neutral
회의 테이블에 앉아 있는 젊은이들의 모임.	젊은이들이 파티에 와서 즐겁게 놀고 있다	contradiction
회의 테이블에 앉아 있는 젊은이들의 모임.	젊은이들은 정치에 대해 배우고 있다	neutral
회의 테이블에 앉아 있는 젊은이들의 모임.	젊은 사람들이 테이블 주위에 모여 있다	entailment
빨간 셔츠를 입은 한 여성이 다른 세 사람이 그녀의 말을 듣고 있는 방의 테이블에서 말하고 있다.	여자가 공원에 가고 있다.	neutral
빨간 셔츠를 입은 한 여성이 다른 세 사람이 그녀의 말을 듣고 있는 방의 테이블에서 말하고 있다.	여자가 호수에서 수영을 하고 있다.	contradiction
빨간 셔츠를 입은 한 여성이 다른 세 사람이 그녀의 말을 듣고 있는 방의 테이블에서 말하고 있다.	여자가 빨간 셔츠를 입고 있다.	entailment
한 여성이 다른 두 여성과 큰 창문이 있는 사무실 건물에서 메모장을 가진 남자와 이야기를 나눈다.	한 여성이 실내에서 다른 사람들과 이야기한다.	entailment
한 여성이 다른 두 여성과 큰 창문이 있는 사무실 건물에서 메모장을 가진 남자와 이야기를 나눈다.	사무실 건물에 있는 한 여성이 메모지에 메모를 하는 세 명의 그룹과 이야기를 나누고 있다.	neutral
한 여성이 다른 두 여성과 큰 창문이 있는 사무실 건물에서 메모장을 가진 남자와 이야기를 나눈다.	한 남자가 연못에서 오리에게 말을 걸다	contradiction
한 여성이 다른 두 여성과 큰 창문이 있는 사무실 건물에서 메모장을 가진 남자와 이야기를 나눈다.	여자는 백인이다	neutral
한 여성이 다른 두 여성과 큰 창문이 있는 사무실 건물에서 메모장을 가진 남자와 이야기를 나눈다.	사무실 건물에 있는 한 여성이 다른 두 여성과 메모지를 가진 한 남자와 이야기를 나누고 있다.	entailment
한 여성이 다른 두 여성과 큰 창문이 있는 사무실 건물에서 메모장을 가진 남자와 이야기를 나눈다.	한 여성이 사무실 건물 안에서 개들과 이야기를 나눈다.	contradiction
한 여성이 다른 두 여성과 큰 창문이 있는 사무실 건물에서 메모장을 가진 남자와 이야기를 나눈다.	여자는 집에서 자고 있다	contradiction
한 여성이 다른 두 여성과 큰 창문이 있는 사무실 건물에서 메모장을 가진 남자와 이야기를 나눈다.	사람들이 건물 밖을 들여다보고 있다.	contradiction
한 여성이 다른 두 여성과 큰 창문이 있는 사무실 건물에서 메모장을 가진 남자와 이야기를 나눈다.	여자가 말을 하고 있다	entailment
한 여성이 다른 두 여성과 큰 창문이 있는 사무실 건물에서 메모장을 가진 남자와 이야기를 나눈다.	한 여성이 실내에서 다른 사람들에게 점심에 대해 이야기한다.	neutral
한 여성이 다른 두 여성과 큰 창문이 있는 사무실 건물에서 메모장을 가진 남자와 이야기를 나눈다.	네 사람이 벽 근처에 서서 서로 이야기한다.	entailment
한 여성이 다른 두 여성과 큰 창문이 있는 사무실 건물에서 메모장을 가진 남자와 이야기를 나눈다.	한 여자가 다른 세 여자에게 말을 건다.	contradiction
한 여성이 다른 두 여성과 큰 창문이 있는 사무실 건물에서 메모장을 가진 남자와 이야기를 나눈다.	한 여자가 다른 두 여자와 행복하게 이야기한다.	neutral
한 여성이 다른 두 여성과 큰 창문이 있는 사무실 건물에서 메모장을 가진 남자와 이야기를 나눈다.	그 그룹은 프로젝트를 논의하고 있다.	neutral
한 여성이 다른 두 여성과 큰 창문이 있는 사무실 건물에서 메모장을 가진 남자와 이야기를 나눈다.	한 여자가 다른 두 여자에게 말을 건다.	entailment
강의를 토론하는 학생들의 교실.	학생들은 체육 수업에 참가하고 있다.	contradiction
강의를 토론하는 학생들의 교실.	한 교실이 오늘의 주제를 토론하고 있다.	entailment
강의를 토론하는 학생들의 교실.	학생들은 역사 수업에서 강의에 대해 토론하고 있다.	neutral
여자가 그들을 볼 때 남자는 클립보드와 펜을 들고 있다.	남자가 일하고 있다	neutral
여자가 그들을 볼 때 남자는 클립보드와 펜을 들고 있다.	여자가 자고 있다	contradiction
여자가 그들을 볼 때 남자는 클립보드와 펜을 들고 있다.	여자가 남자의 소유물을 보고 있다	entailment
밝은 녹색 셔츠를 입은 남자가 분홍색 셔츠를 입은 여자와 이야기를 나누고 있다.	커플이 저녁을 먹고 있다.	contradiction
밝은 녹색 셔츠를 입은 남자가 분홍색 셔츠를 입은 여자와 이야기를 나누고 있다.	커플이 밖에 서 있다.	neutral
밝은 녹색 셔츠를 입은 남자가 분홍색 셔츠를 입은 여자와 이야기를 나누고 있다.	커플이 이야기를 나누고 있다.	entailment
녹색 셔츠를 입은 남자가 분홍색으로 눈에 띄는 여자를 위해 클립보드를 내밀고 있다.	남자는 여자가 그의 클립보드를 보기를 원한다.	entailment
녹색 셔츠를 입은 남자가 분홍색으로 눈에 띄는 여자를 위해 클립보드를 내밀고 있다.	남자는 여자에게 뭔가를 서명하게 하려고 한다.	neutral
녹색 셔츠를 입은 남자가 분홍색으로 눈에 띄는 여자를 위해 클립보드를 내밀고 있다.	한 남자가 여자의 관심을 끌기 위해 셔츠를 벗는다.	contradiction
밝은 녹색 셔츠를 입은 남자가 밝은 분홍색 셔츠를 입은 한 여성이 클립보드에 뭔가를 입고 있는 것을 보여준다.	남자가 금색 셔츠를 입고 있다	contradiction
밝은 녹색 셔츠를 입은 남자가 밝은 분홍색 셔츠를 입은 한 여성이 클립보드에 뭔가를 입고 있는 것을 보여준다.	한 남자가 그의 상사에게 클립보드에 무언가를 보여준다.	neutral
밝은 녹색 셔츠를 입은 남자가 밝은 분홍색 셔츠를 입은 한 여성이 클립보드에 뭔가를 입고 있는 것을 보여준다.	남자는 여자에게 뭔가를 보여준다.	entailment
밝은 녹색 셔츠를 입은 남자가 밝은 분홍색 셔츠를 입은 한 여성이 클립보드에 뭔가를 입고 있는 것을 보여준다.	남자는 여자에게 할 말이 있다.	entailment
밝은 녹색 셔츠를 입은 남자가 밝은 분홍색 셔츠를 입은 한 여성이 클립보드에 뭔가를 입고 있는 것을 보여준다.	두 사람이 클립보드를 보고 있다.	entailment
밝은 녹색 셔츠를 입은 남자가 밝은 분홍색 셔츠를 입은 한 여성이 클립보드에 뭔가를 입고 있는 것을 보여준다.	여자가 파란색 옷을 입고 있다.	contradiction
밝은 녹색 셔츠를 입은 남자가 밝은 분홍색 셔츠를 입은 한 여성이 클립보드에 뭔가를 입고 있는 것을 보여준다.	남자가 여자에게 개념을 가르치고 있다	neutral
밝은 녹색 셔츠를 입은 남자가 밝은 분홍색 셔츠를 입은 한 여성이 클립보드에 뭔가를 입고 있는 것을 보여준다.	남자와 여자가 있다.	entailment
밝은 녹색 셔츠를 입은 남자가 밝은 분홍색 셔츠를 입은 한 여성이 클립보드에 뭔가를 입고 있는 것을 보여준다.	두 사람이 전자 태블릿의 노트를 보고 있다.	contradiction
밝은 녹색 셔츠를 입은 남자가 밝은 분홍색 셔츠를 입은 한 여성이 클립보드에 뭔가를 입고 있는 것을 보여준다.	남자가 커피 한 잔을 마시고 있다.	contradiction
밝은 녹색 셔츠를 입은 남자가 밝은 분홍색 셔츠를 입은 한 여성이 클립보드에 뭔가를 입고 있는 것을 보여준다.	한 남자가 밝은 녹색 셔츠를 입고 있다	entailment
밝은 녹색 셔츠를 입은 남자가 밝은 분홍색 셔츠를 입은 한 여성이 클립보드에 뭔가를 입고 있는 것을 보여준다.	남자와 여자는 같은 사업에 종사하고 있다.	neutral
밝은 녹색 셔츠를 입은 남자가 밝은 분홍색 셔츠를 입은 한 여성이 클립보드에 뭔가를 입고 있는 것을 보여준다.	녹색 셔츠를 입은 남자가 클립보드에 자신의 봉급을 여자에게 보여준다.	neutral
밝은 녹색 셔츠를 입은 남자가 밝은 분홍색 셔츠를 입은 한 여성이 클립보드에 뭔가를 입고 있는 것을 보여준다.	여자는 남자에게 클립보드를 보여준다.	contradiction
밝은 녹색 셔츠를 입은 남자가 밝은 분홍색 셔츠를 입은 한 여성이 클립보드에 뭔가를 입고 있는 것을 보여준다.	클립보드에 글씨가 쓰여 있다.	neutral
밝은 티셔츠를 입은 거리에 있는 한 남자가 분홍색 티셔츠와 음영을 입은 여자를 향해 일종의 태블릿을 들고 있다.	한 남자가 한 여자에게 그의 태블릿에 재미있는 비디오를 보여주고 있다.	neutral
밝은 티셔츠를 입은 거리에 있는 한 남자가 분홍색 티셔츠와 음영을 입은 여자를 향해 일종의 태블릿을 들고 있다.	태블릿이 켜진다.	neutral
밝은 티셔츠를 입은 거리에 있는 한 남자가 분홍색 티셔츠와 음영을 입은 여자를 향해 일종의 태블릿을 들고 있다.	남자는 여자보다 다른 거리에 있다.	contradiction
